[
  {
    "state": "Abruzzo",
    "town": "Avezzano",
    "postalcode": 67051,
    "county": "Aq",
    "name": "Ospedale Civile",
    "street": "Tre Conche",
    "email": "",
    "domainIdentifier": "",
    "latitude": "42.0508987",
    "longitude": "13.4187642",
    "country": "IT"
  },
  {
    "state": "Abruzzo",
    "town": "L'aquila",
    "postalcode": 67100,
    "county": "Aq",
    "name": "Ospedale San Salvatore",
    "street": "Via Nizza",
    "email": "",
    "domainIdentifier": "",
    "latitude": "42.4501271",
    "longitude": "13.223338",
    "country": "IT"
  },
  {
    "state": "Abruzzo",
    "town": "Sulmona",
    "postalcode": 67039,
    "county": "Aq",
    "name": "Ospedale Civile",
    "street": "Viale Mazzini",
    "email": " 1",
    "domainIdentifier": "",
    "latitude": "42.0431788",
    "longitude": "13.9279015",
    "country": "IT"
  },
  {
    "state": "Abruzzo",
    "town": "Atessa",
    "postalcode": 66020,
    "county": "Ch",
    "name": "Ospedale Civile",
    "street": "Via Ianico 1",
    "email": "",
    "domainIdentifier": "",
    "latitude": "42.0718059",
    "longitude": "14.4489025",
    "country": "IT"
  },
  {
    "state": "Abruzzo",
    "town": "Chieti",
    "postalcode": 66100,
    "county": "Ch",
    "name": "Ospedale Clinicizzato San Liberatore",
    "street": "Via Valignani Angolo Via Tiro a Segno",
    "email": "",
    "domainIdentifier": "",
    "latitude": "42.3446529",
    "longitude": "14.1659738",
    "country": "IT"
  },
  {
    "state": "Abruzzo",
    "town": "Lanciano",
    "postalcode": 66034,
    "county": "Ch",
    "name": "Ospedale Civile",
    "street": "Via Del mare",
    "email": " 1",
    "domainIdentifier": "",
    "latitude": "42.2296198",
    "longitude": "14.3958539",
    "country": "IT"
  },
  {
    "state": "Abruzzo",
    "town": "Vasto",
    "postalcode": 66054,
    "county": "Ch",
    "name": "Ospedale Civile",
    "street": "Via Ciccarone",
    "email": "",
    "domainIdentifier": "",
    "latitude": "42.12434",
    "longitude": "14.705923",
    "country": "IT"
  },
  {
    "state": "Abruzzo",
    "town": "Penne",
    "postalcode": 82761,
    "county": "Pe",
    "name": "Ospedale San Massimo",
    "street": "Via Battaglione Alpini",
    "email": " 1",
    "domainIdentifier": "",
    "latitude": "42.4582153",
    "longitude": "13.9273256",
    "country": "IT"
  },
  {
    "state": "Abruzzo",
    "town": "Pescara",
    "postalcode": 65124,
    "county": "Pe",
    "name": "Ospedale Civile Dello Spirito Santo",
    "street": "Via Fonte Romana",
    "email": " 8",
    "domainIdentifier": "",
    "latitude": "42.4626568",
    "longitude": "14.1963517",
    "country": "IT"
  },
  {
    "state": "Abruzzo",
    "town": "Popoli",
    "postalcode": 66125,
    "county": "Pe",
    "name": "Ospedale Civile",
    "street": "Via Saffi",
    "email": " 118",
    "domainIdentifier": "",
    "latitude": "42.1713106",
    "longitude": "13.832817",
    "country": "IT"
  },
  {
    "state": "Abruzzo",
    "town": "Atri",
    "postalcode": 64032,
    "county": "Te",
    "name": "Ospedale San Liberatore",
    "street": "Viale Risorgimento",
    "email": "",
    "domainIdentifier": "",
    "latitude": "42.5779016",
    "longitude": "13.9847745",
    "country": "IT"
  },
  {
    "state": "Abruzzo",
    "town": "Sant'omero",
    "postalcode": 64027,
    "county": "Te",
    "name": "Ospedale Val Vibrata",
    "street": "Contrada allla Salara",
    "email": " 56",
    "domainIdentifier": "",
    "latitude": "42.7866721",
    "longitude": "13.8017638",
    "country": "IT"
  },
  {
    "state": "Abruzzo",
    "town": "Teramo",
    "postalcode": 64100,
    "county": "Te",
    "name": "Ospedale Giuseppe Mazzini",
    "street": "Piazza Italia",
    "email": " 1",
    "domainIdentifier": "",
    "latitude": "42.6468299",
    "longitude": "14.039596030058565",
    "country": "IT"
  },
  {
    "state": "Basilicata",
    "town": "Matera",
    "postalcode": 75100,
    "county": "Mt",
    "name": "Ospedale Madonna Delle Grazie",
    "street": "Contrada Cattedra Ambulante",
    "email": "",
    "domainIdentifier": "",
    "latitude": "40.668523",
    "longitude": "16.601585",
    "country": "IT"
  },
  {
    "state": "Basilicata",
    "town": "Potenza",
    "postalcode": 85101,
    "county": "Pz",
    "name": "Ospedale San Carlo",
    "street": "Contrada Macchia Romana",
    "email": "",
    "domainIdentifier": "",
    "latitude": "40.6384046",
    "longitude": "15.8022077",
    "country": "IT"
  },
  {
    "state": "Basilicata",
    "town": "Rionero In Volture",
    "postalcode": 85101,
    "county": "Pz",
    "name": "Irccs Crob",
    "street": "Via Padre Pio",
    "email": " 1",
    "domainIdentifier": "",
    "latitude": "",
    "longitude": "",
    "country": "IT"
  },
  {
    "state": "Calabria",
    "town": "Cosenza",
    "postalcode": 87100,
    "county": "Cs",
    "name": "Ospedale Civile Dell'annunziata",
    "street": "Via Felice Migliori",
    "email": " 1",
    "domainIdentifier": "",
    "latitude": "39.292967",
    "longitude": "16.24936",
    "country": "IT"
  },
  {
    "state": "Calabria",
    "town": "Catanzaro",
    "postalcode": 88100,
    "county": "Cz",
    "name": "Azienda Ospedaliera Pugliese Ciaccio",
    "street": "Via Vinicio Cortese",
    "email": " 10",
    "domainIdentifier": "",
    "latitude": "38.9582497",
    "longitude": "16.3126198",
    "country": "IT"
  },
  {
    "state": "Calabria",
    "town": "Polistena",
    "postalcode": 89024,
    "county": "Rc",
    "name": "Ospedale Santa Maria Degli Ungeresi",
    "street": "Via Montegrappa",
    "email": "",
    "domainIdentifier": "",
    "latitude": "38.409031",
    "longitude": "16.0766895",
    "country": "IT"
  },
  {
    "state": "Calabria",
    "town": "Reggio Calabria",
    "postalcode": 89024,
    "county": "Rc",
    "name": "Ospedale Bianchi Melacrino Morelli",
    "street": "Via Melacrino Giuseppe",
    "email": " 21",
    "domainIdentifier": "",
    "latitude": "38.1147285",
    "longitude": "15.6581187",
    "country": "IT"
  },
  {
    "state": "Campania",
    "town": "Benevento",
    "postalcode": 82100,
    "county": "Bn",
    "name": "Ospedale Civile Rummo Di Benevento",
    "street": "Via Pacevecchia",
    "email": " 53",
    "domainIdentifier": "",
    "latitude": "41.120187",
    "longitude": "14.79327",
    "country": "IT"
  },
  {
    "state": "Campania",
    "town": "Benevento",
    "postalcode": 82100,
    "county": "Bn",
    "name": "Ospedale Sacro Cuore Di Gesu' - Fatebenefratelli",
    "street": "Via Principe di Napoli",
    "email": " 14",
    "domainIdentifier": "",
    "latitude": "41.1411049",
    "longitude": "14.7030885",
    "country": "IT"
  },
  {
    "state": "Campania",
    "town": "Maddaloni",
    "postalcode": 81024,
    "county": "Ce",
    "name": "Ospedale Civile Maddaloni",
    "street": "Via Liberta'",
    "email": "",
    "domainIdentifier": "",
    "latitude": "41.0398815",
    "longitude": "14.3792066",
    "country": "IT"
  },
  {
    "state": "Campania",
    "town": "Frattaminore",
    "postalcode": 80020,
    "county": "Na",
    "name": "Ospedale San Giovanni Di Dio",
    "street": "Via Pirozzi",
    "email": "",
    "domainIdentifier": "",
    "latitude": "40.9557397",
    "longitude": "14.270948",
    "country": "IT"
  },
  {
    "state": "Campania",
    "town": "Mugnano Di Napoli",
    "postalcode": 80018,
    "county": "Na",
    "name": "Ospedale Villa Dei Fiori - Asl Na2",
    "street": "Corso Italia",
    "email": " 110",
    "domainIdentifier": "",
    "latitude": "40.9110392",
    "longitude": "14.1959613",
    "country": "IT"
  },
  {
    "state": "Campania",
    "town": "Napoli",
    "postalcode": 80131,
    "county": "Na",
    "name": "Istituto Nazionale Per La Cura E Studio Tumori - Fondazione Pascale",
    "street": "Via Mariano Semmola",
    "email": " 3",
    "domainIdentifier": "",
    "latitude": "40.8615674",
    "longitude": "14.2215633",
    "country": "IT"
  },
  {
    "state": "Campania",
    "town": "Napoli",
    "postalcode": 80131,
    "county": "Na",
    "name": "Azienda Ospedaliera Antonio Cardarelli",
    "street": "Via Cardarelli",
    "email": " 9",
    "domainIdentifier": "",
    "latitude": "40.8358846",
    "longitude": "14.2487679",
    "country": "IT"
  },
  {
    "state": "Campania",
    "town": "Napoli",
    "postalcode": 80131,
    "county": "Na",
    "name": "Azienda Ospedaliera Universitaria Federico Ii",
    "street": "Via Pansini",
    "email": "",
    "domainIdentifier": "",
    "latitude": "40.8358846",
    "longitude": "14.2487679",
    "country": "IT"
  },
  {
    "state": "Campania",
    "town": "Torre Del Greco",
    "postalcode": 80059,
    "county": "Na",
    "name": "Ospedale Maresca",
    "street": "Via Montedoro",
    "email": "",
    "domainIdentifier": "",
    "latitude": "40.7980893",
    "longitude": "14.3820081",
    "country": "IT"
  },
  {
    "state": "Campania",
    "town": "Pagani",
    "postalcode": 84016,
    "county": "Sa",
    "name": "Studio Medico Associato Madonna Del Carmelo",
    "street": "Piazza Bernardo D’Arezzo",
    "email": " 9",
    "domainIdentifier": "",
    "latitude": "40.7498877",
    "longitude": "14.6133234",
    "country": "IT"
  },
  {
    "state": "Campania",
    "town": "Salerno",
    "postalcode": 84131,
    "county": "Sa",
    "name": "Azienda Ospedaliera San Giovanni Di Dio E Ruggi D'aragona",
    "street": "Via San Leonardo",
    "email": "",
    "domainIdentifier": "",
    "latitude": "40.6490422",
    "longitude": "14.8266404",
    "country": "IT"
  },
  {
    "state": "Campania",
    "town": "Scafati",
    "postalcode": 84018,
    "county": "Sa",
    "name": "Distretto Sanitario Di Base",
    "street": "Via Passanti",
    "email": "",
    "domainIdentifier": "",
    "latitude": "40.7548737",
    "longitude": "14.5248713",
    "country": "IT"
  },
  {
    "state": "Emilia Romagna",
    "town": "Bazzano",
    "postalcode": 40053,
    "county": "Bo",
    "name": "Ospedale Di Bazzano",
    "street": "Viale Dei Martiri 1",
    "email": "",
    "domainIdentifier": "",
    "latitude": "44.5028204",
    "longitude": "11.0889142",
    "country": "IT"
  },
  {
    "state": "Emilia Romagna",
    "town": "Bentivoglio",
    "postalcode": 40010,
    "county": "Bo",
    "name": "Ospedale Consorziale Si Bentivoglio",
    "street": "Via G. Marconi",
    "email": " 35",
    "domainIdentifier": "",
    "latitude": "44.6357918",
    "longitude": "11.4171933",
    "country": "IT"
  },
  {
    "state": "Emilia Romagna",
    "town": "Bologna",
    "postalcode": 40133,
    "county": "Bo",
    "name": "Ospedale Maggiore Carlo Alberto Pizzardi",
    "street": "Largo Nigrisoli",
    "email": " 2",
    "domainIdentifier": "",
    "latitude": "44.5035006",
    "longitude": "11.3154525",
    "country": "IT"
  },
  {
    "state": "Emilia Romagna",
    "town": "Bologna",
    "postalcode": 40138,
    "county": "Bo",
    "name": "Ospedale Sant'orsola Malpighi",
    "street": "Via Pelagio Pelagi",
    "email": " 9",
    "domainIdentifier": "",
    "latitude": "44.4938203",
    "longitude": "11.3426327",
    "country": "IT"
  },
  {
    "state": "Emilia Romagna",
    "town": "Bologna",
    "postalcode": 40139,
    "county": "Bo",
    "name": "Ospedale Bellaria",
    "street": "Via Altura",
    "email": " 3",
    "domainIdentifier": "",
    "latitude": "44.4687441",
    "longitude": "11.3946903",
    "country": "IT"
  },
  {
    "state": "Emilia Romagna",
    "town": "Budrio",
    "postalcode": 40054,
    "county": "Bo",
    "name": "Ospedale Civile",
    "street": "Via Benni",
    "email": " 44",
    "domainIdentifier": "",
    "latitude": "44.537863",
    "longitude": "11.5354979",
    "country": "IT"
  },
  {
    "state": "Emilia Romagna",
    "town": "Imola",
    "postalcode": 40026,
    "county": "Bo",
    "name": "Ospedale Santa Maria Della Scaletta",
    "street": "Via Montericco",
    "email": " 4",
    "domainIdentifier": "",
    "latitude": "44.35472335",
    "longitude": "11.688439490056567",
    "country": "IT"
  },
  {
    "state": "Emilia Romagna",
    "town": "Molinella",
    "postalcode": 40062,
    "county": "Bo",
    "name": "Azienda Asl Bologna Nord - Centro Aistom",
    "street": "Via Circonvallazione",
    "email": " 47",
    "domainIdentifier": "",
    "latitude": "44.620853",
    "longitude": "11.6702371",
    "country": "IT"
  },
  {
    "state": "Emilia Romagna",
    "town": "Porretta Terme",
    "postalcode": 40046,
    "county": "Bo",
    "name": "Ospedale Costa",
    "street": "Via Oreste Zagnoni",
    "email": " 5",
    "domainIdentifier": "",
    "latitude": "44.1627008",
    "longitude": "10.9703319",
    "country": "IT"
  },
  {
    "state": "Emilia Romagna",
    "town": "San Giovanni In Persiceto",
    "postalcode": 40017,
    "county": "Bo",
    "name": "Ospedale Ss Salvatore",
    "street": "Via Enzo Palma",
    "email": " 1",
    "domainIdentifier": "",
    "latitude": "44.6332872",
    "longitude": "11.1954141",
    "country": "IT"
  },
  {
    "state": "Emilia Romagna",
    "town": "Argenta",
    "postalcode": 44011,
    "county": "Fe",
    "name": "Ospedale Civile Mazzolani Vandini",
    "street": "Via Nazionale",
    "email": " 7",
    "domainIdentifier": "",
    "latitude": "44.6797576",
    "longitude": "11.7448889",
    "country": "IT"
  },
  {
    "state": "Emilia Romagna",
    "town": "Cento",
    "postalcode": 44042,
    "county": "Fe",
    "name": "Ospedale Di Cento",
    "street": "Via Vicini",
    "email": " 5",
    "domainIdentifier": "",
    "latitude": "44.7274395",
    "longitude": "11.2903029",
    "country": "IT"
  },
  {
    "state": "Emilia Romagna",
    "town": "Copparo",
    "postalcode": 44034,
    "county": "Fe",
    "name": "Casa Della Salute Terre E Fiumi",
    "street": "Via Roma",
    "email": "18",
    "domainIdentifier": "",
    "latitude": "44.8952366",
    "longitude": "11.8286516",
    "country": "IT"
  },
  {
    "state": "Emilia Romagna",
    "town": "Ferrara",
    "postalcode": 44100,
    "county": "Fe",
    "name": "Casa Della Salute (ex Ospedlae Sant'anna)",
    "street": "Corso Giovecca",
    "email": " 203",
    "domainIdentifier": "",
    "latitude": "44.8375658",
    "longitude": "11.6212697",
    "country": "IT"
  },
  {
    "state": "Emilia Romagna",
    "town": "Lagosanto",
    "postalcode": 44023,
    "county": "Fe",
    "name": "Ospedale Del Delta",
    "street": "Via Valle Oppio",
    "email": " 2",
    "domainIdentifier": "",
    "latitude": "44.77005",
    "longitude": "12.1269876",
    "country": "IT"
  },
  {
    "state": "Emilia Romagna",
    "town": "Portomaggiore",
    "postalcode": 44012,
    "county": "Fe",
    "name": "Casa Della Salute",
    "street": "Via De Amicis",
    "email": " 22",
    "domainIdentifier": "",
    "latitude": "44.6992584",
    "longitude": "11.804078",
    "country": "IT"
  },
  {
    "state": "Emilia Romagna",
    "town": "Cesena",
    "postalcode": 47023,
    "county": "Fc",
    "name": "Ospedale Civile Maurizio Bufalini",
    "street": "Viale Ghirotti",
    "email": " 286",
    "domainIdentifier": "",
    "latitude": "44.1353856",
    "longitude": "12.2595422",
    "country": "IT"
  },
  {
    "state": "Emilia Romagna",
    "town": "Forli'",
    "postalcode": 47100,
    "county": "Fc",
    "name": "Ospedale G.b. Morgagni Nuovo",
    "street": "Via Forlanini",
    "email": "",
    "domainIdentifier": "",
    "latitude": "44.2227278",
    "longitude": "12.041273",
    "country": "IT"
  },
  {
    "state": "Emilia Romagna",
    "town": "Baggiovara",
    "postalcode": 41126,
    "county": "Mo",
    "name": "Ospedale Civile S. Agostino-estense",
    "street": "Via P. Giardini",
    "email": " 1355",
    "domainIdentifier": "",
    "latitude": "44.607379550000005",
    "longitude": "10.870978160665173",
    "country": "IT"
  },
  {
    "state": "Emilia Romagna",
    "town": "Carpi",
    "postalcode": 41012,
    "county": "Mo",
    "name": "Ospedale Ramazzini",
    "street": "Via Molinari Guido",
    "email": " 2",
    "domainIdentifier": "",
    "latitude": "44.7835699",
    "longitude": "10.8854523",
    "country": "IT"
  },
  {
    "state": "Emilia Romagna",
    "town": "Modena",
    "postalcode": 41100,
    "county": "Mo",
    "name": "Azienda Ospededaliera Policlinico Universitario Degli Studi Di Modena",
    "street": "Via del Pozzo",
    "email": " 71",
    "domainIdentifier": "",
    "latitude": "44.6374932",
    "longitude": "10.9410256",
    "country": "IT"
  },
  {
    "state": "Emilia Romagna",
    "town": "Sassuolo",
    "postalcode": 41049,
    "county": "Mo",
    "name": "Ospedale Civile Di Sassuolo",
    "street": "Via Francesco Ruini",
    "email": " 2",
    "domainIdentifier": "",
    "latitude": "44.5409769",
    "longitude": "10.7829023",
    "country": "IT"
  },
  {
    "state": "Emilia Romagna",
    "town": "Piacenza",
    "postalcode": 29100,
    "county": "Pc",
    "name": "Ospedale Civile",
    "street": "Via Taverna",
    "email": " 49",
    "domainIdentifier": "",
    "latitude": "45.0534751",
    "longitude": "9.6947461",
    "country": "IT"
  },
  {
    "state": "Emilia Romagna",
    "town": "Parma",
    "postalcode": 43100,
    "county": "Pr",
    "name": "Azienda Ospedaliera Di Parma",
    "street": "Via Abbeveratoia",
    "email": " 2",
    "domainIdentifier": "",
    "latitude": "44.8013678",
    "longitude": "10.3280833",
    "country": "IT"
  },
  {
    "state": "Emilia Romagna",
    "town": "Faenza",
    "postalcode": 48018,
    "county": "Ra",
    "name": "Ospedale Degli Infermi",
    "street": "Viale Stradone",
    "email": " 9",
    "domainIdentifier": "",
    "latitude": "44.2855831",
    "longitude": "11.8742207",
    "country": "IT"
  },
  {
    "state": "Emilia Romagna",
    "town": "Lugo",
    "postalcode": 48022,
    "county": "Ra",
    "name": "Ospedale Di Lugo",
    "street": "Viale Dante",
    "email": " 10",
    "domainIdentifier": "",
    "latitude": "44.4176193",
    "longitude": "11.9188995",
    "country": "IT"
  },
  {
    "state": "Emilia Romagna",
    "town": "Ravenna",
    "postalcode": 48100,
    "county": "Ra",
    "name": "C.m.p. - Centro Di Medicina E Prevenzione",
    "street": "Via Fiume Abbandonato",
    "email": " 134",
    "domainIdentifier": "",
    "latitude": "44.4161414",
    "longitude": "12.2017617",
    "country": "IT"
  },
  {
    "state": "Emilia Romagna",
    "town": "Guastalla",
    "postalcode": 42016,
    "county": "Re",
    "name": "Ospedale Civile Di Guastalla",
    "street": "Via Donatori di Sangue",
    "email": " 1",
    "domainIdentifier": "",
    "latitude": "44.9205196",
    "longitude": "10.6668892",
    "country": "IT"
  },
  {
    "state": "Emilia Romagna",
    "town": "Reggio Emilia",
    "postalcode": 42100,
    "county": "Re",
    "name": "Arcispedale Santa Maria Nuova",
    "street": "Viale Risorgimento",
    "email": " 80",
    "domainIdentifier": "",
    "latitude": "44.6882938",
    "longitude": "10.6328601",
    "country": "IT"
  },
  {
    "state": "Emilia Romagna",
    "town": "Riccione",
    "postalcode": 47837,
    "county": "Rn",
    "name": "Ospedale Ceccarini",
    "street": "Viale Frosinone",
    "email": "",
    "domainIdentifier": "",
    "latitude": "43.9951767",
    "longitude": "12.6488633",
    "country": "IT"
  },
  {
    "state": "Emilia Romagna",
    "town": "Rimini",
    "postalcode": 47900,
    "county": "Rn",
    "name": "Ospedale Degli Infermi",
    "street": "Viale Luigi Settembrini",
    "email": " 2",
    "domainIdentifier": "",
    "latitude": "44.04472615",
    "longitude": "12.5906604321875",
    "country": "IT"
  },
  {
    "state": "Friuli Venezia Giulia",
    "town": "Gorizia",
    "postalcode": 34170,
    "county": "Go",
    "name": "Ospedale Civile",
    "street": "Via Fatebenefratelli",
    "email": " 34",
    "domainIdentifier": "",
    "latitude": "45.9441278",
    "longitude": "13.6252288",
    "country": "IT"
  },
  {
    "state": "Friuli Venezia Giulia",
    "town": "Maniago",
    "postalcode": 33085,
    "county": "Pn",
    "name": "Ospedale Civile Immacolata Concezione",
    "street": "Via Unità D'Italia",
    "email": " 7",
    "domainIdentifier": "",
    "latitude": "46.1729803",
    "longitude": "12.7180035",
    "country": "IT"
  },
  {
    "state": "Friuli Venezia Giulia",
    "town": "Pordenone",
    "postalcode": 33170,
    "county": "Pn",
    "name": "Azienda Ospedaliera Santa Maria Degli Angeli",
    "street": "Via Montereale",
    "email": " 24",
    "domainIdentifier": "",
    "latitude": "45.963308",
    "longitude": "12.6547111",
    "country": "IT"
  },
  {
    "state": "Friuli Venezia Giulia",
    "town": "San Vito Al Tagliamento",
    "postalcode": 33078,
    "county": "Pn",
    "name": "Ospedale Civile",
    "street": "Via Savorgnano",
    "email": " 2",
    "domainIdentifier": "",
    "latitude": "45.9067509",
    "longitude": "12.8564038",
    "country": "IT"
  },
  {
    "state": "Friuli Venezia Giulia",
    "town": "Trieste",
    "postalcode": 34149,
    "county": "Ts",
    "name": "Ospedale Di Cattinara Istituto Di Clinica Urologica -universita' Studi Di Trieste",
    "street": "Strada di Fiume",
    "email": " 447",
    "domainIdentifier": "",
    "latitude": "45.6349643",
    "longitude": "13.8305809",
    "country": "IT"
  },
  {
    "state": "Friuli Venezia Giulia",
    "town": "Gemona",
    "postalcode": 33013,
    "county": "Ud",
    "name": "Ospedale Civile San Michele",
    "street": "Piazzale Rodolone",
    "email": " 1",
    "domainIdentifier": "",
    "latitude": "46.2770072",
    "longitude": "13.1401049",
    "country": "IT"
  },
  {
    "state": "Friuli Venezia Giulia",
    "town": "Latisana",
    "postalcode": 33053,
    "county": "Ud",
    "name": "Ospedale Civile",
    "street": "Via Sabbionera",
    "email": " 45",
    "domainIdentifier": "",
    "latitude": "45.7712909",
    "longitude": "12.9983705",
    "country": "IT"
  },
  {
    "state": "Friuli Venezia Giulia",
    "town": "Palmanova",
    "postalcode": 33057,
    "county": "Ud",
    "name": "Ospedale Di Palmanova",
    "street": "Via Natisone",
    "email": " 11- Frazione Jalmicco",
    "domainIdentifier": "",
    "latitude": "45.9097704",
    "longitude": "13.3230584",
    "country": "IT"
  },
  {
    "state": "Friuli Venezia Giulia",
    "town": "San Daniele Del Friuli",
    "postalcode": 33038,
    "county": "Ud",
    "name": "Ospedale Sant'antonio",
    "street": "Via Trento e Trieste",
    "email": " 33",
    "domainIdentifier": "",
    "latitude": "46.1686201",
    "longitude": "13.02187583988541",
    "country": "IT"
  },
  {
    "state": "Friuli Venezia Giulia",
    "town": "Tolmezzo",
    "postalcode": 33028,
    "county": "Ud",
    "name": "Ospedale Sant'antonio Abate",
    "street": "Via Papa Giovanni XXIII",
    "email": 1,
    "domainIdentifier": "",
    "latitude": "46.4053676",
    "longitude": "13.0158357",
    "country": "IT"
  },
  {
    "state": "Friuli Venezia Giulia",
    "town": "Udine",
    "postalcode": 33100,
    "county": "Ud",
    "name": "Azienda Ospedaliera Santa Maria Della Misericordia",
    "street": "Piazzale S.Maria della Misericordia",
    "email": " 11",
    "domainIdentifier": "",
    "latitude": "46.0768313",
    "longitude": "13.2300159",
    "country": "IT"
  },
  {
    "state": "Lazio",
    "town": "Ariccia",
    "postalcode": 41,
    "county": "Rm",
    "name": "Nuovo Ospedale Dei Castelli",
    "street": "Via Nettunense",
    "email": " Km 11",
    "domainIdentifier": "5",
    "latitude": "41.708791",
    "longitude": "12.6398818",
    "country": "IT"
  },
  {
    "state": "Lazio",
    "town": "Frosinone",
    "postalcode": 3100,
    "county": "Rm",
    "name": "Ospedale Spaziani",
    "street": "VIA ARMANDO FABI 5",
    "email": "",
    "domainIdentifier": "",
    "latitude": "41.636224",
    "longitude": "13.3236381",
    "country": "IT"
  },
  {
    "state": "Lazio",
    "town": "Ostia",
    "postalcode": 122,
    "county": "Rm",
    "name": "Ospedale Grassi",
    "street": "Via Passeroni",
    "email": " 28",
    "domainIdentifier": "",
    "latitude": "41.753654",
    "longitude": "12.285744222370944",
    "country": "IT"
  },
  {
    "state": "Lazio",
    "town": "Roma",
    "postalcode": 152,
    "county": "Rm",
    "name": "Ospedale San Camillo Forlanini",
    "street": "Via Circonvallazione Gianicolense",
    "email": " 87",
    "domainIdentifier": "",
    "latitude": "41.8735778",
    "longitude": "12.4659071",
    "country": "IT"
  },
  {
    "state": "Lazio",
    "town": "Roma",
    "postalcode": 161,
    "county": "Rm",
    "name": "Ospedale Umberto I Universita' La Sapienza",
    "street": "Viale del Policlinico",
    "email": " 155",
    "domainIdentifier": "",
    "latitude": "41.9083296",
    "longitude": "12.504582",
    "country": "IT"
  },
  {
    "state": "Lazio",
    "town": "Roma",
    "postalcode": 157,
    "county": "Rm",
    "name": "Sandro Pertini",
    "street": "Via dei Monti Tiburtini",
    "email": 385,
    "domainIdentifier": " 00157 Roma RM",
    "latitude": "41.9131516",
    "longitude": "12.5530222",
    "country": "IT"
  },
  {
    "state": "Lazio",
    "town": "Roma",
    "postalcode": 155,
    "county": "Rm",
    "name": "Univerista' Campus Biomedico",
    "street": "Via A.De Portillo. 200",
    "email": "",
    "domainIdentifier": "",
    "latitude": "41.8933203",
    "longitude": "12.4829321",
    "country": "IT"
  },
  {
    "state": "Lazio",
    "town": "Roma",
    "postalcode": 189,
    "county": "Rm",
    "name": "Ospedale Sant'andrea",
    "street": "Via di Grottarossa",
    "email": " 1035",
    "domainIdentifier": "",
    "latitude": "41.9763543",
    "longitude": "12.4641428",
    "country": "IT"
  },
  {
    "state": "Lazio",
    "town": "Roma",
    "postalcode": 168,
    "county": "Rm",
    "name": "Ospedale Policlinico Gemelli",
    "street": "Largo Agostino Gemelli",
    "email": " 8",
    "domainIdentifier": "",
    "latitude": "41.9291755",
    "longitude": "12.427478",
    "country": "IT"
  },
  {
    "state": "Lazio",
    "town": "Roma",
    "postalcode": 135,
    "county": "Rm",
    "name": "Ospedale San Filippo Neri",
    "street": "Via Martinotti",
    "email": " 20",
    "domainIdentifier": "",
    "latitude": "41.8933203",
    "longitude": "12.4829321",
    "country": "IT"
  },
  {
    "state": "Lazio",
    "town": "Roma",
    "postalcode": 144,
    "county": "Rm",
    "name": "Ospedale San Eugenio",
    "street": "Piazzale Dell'Umanesimo",
    "email": "",
    "domainIdentifier": "",
    "latitude": "41.8227714",
    "longitude": "12.472131",
    "country": "IT"
  },
  {
    "state": "Lazio",
    "town": "Roma",
    "postalcode": 184,
    "county": "Rm",
    "name": "Ospedale San Giovanni Addolorata",
    "street": "Via San Giovanni in Laterano",
    "email": " 149/155",
    "domainIdentifier": "",
    "latitude": "41.8933203",
    "longitude": "12.4829321",
    "country": "IT"
  },
  {
    "state": "Lazio",
    "town": "Roma",
    "postalcode": 184,
    "county": "Rm",
    "name": "Ospedale San Pietro Fatebenefratelli",
    "street": "Via Cassia",
    "email": " 600",
    "domainIdentifier": "",
    "latitude": "42.0110683",
    "longitude": "12.3776241",
    "country": "IT"
  },
  {
    "state": "Lazio",
    "town": "Roma",
    "postalcode": 184,
    "county": "Rm",
    "name": "Ospedale Sant'andrea",
    "street": "Via di Grottarossa",
    "email": " 1035",
    "domainIdentifier": "",
    "latitude": "41.9763543",
    "longitude": "12.4641428",
    "country": "IT"
  },
  {
    "state": "Lazio",
    "town": "Velletri",
    "postalcode": 49,
    "county": "Rm",
    "name": "Ospedale Velletri",
    "street": "Via Orti Ginnetti",
    "email": "",
    "domainIdentifier": "",
    "latitude": "41.6844119",
    "longitude": "12.7798694",
    "country": "IT"
  },
  {
    "state": "Lazio",
    "town": "Viterbo",
    "postalcode": 1101,
    "county": "Vt",
    "name": "Ospedale Belcolle",
    "street": "Strada Provinciale Sammartinese",
    "email": "",
    "domainIdentifier": "",
    "latitude": "42.4168441",
    "longitude": "12.1051148",
    "country": "IT"
  },
  {
    "state": "Liguria",
    "town": "Genova",
    "postalcode": 16128,
    "county": "Ge",
    "name": "Ospedali Galliera",
    "street": "Via Mura delle Capuccine 14",
    "email": "",
    "domainIdentifier": "",
    "latitude": "44.40726",
    "longitude": "8.9338624",
    "country": "IT"
  },
  {
    "state": "Liguria",
    "town": "Genova",
    "postalcode": 16132,
    "county": "Ge",
    "name": "Ospedale Policlinico San Martino",
    "street": "Largo Rosanna Benzi",
    "email": " 10",
    "domainIdentifier": "",
    "latitude": "44.40717345",
    "longitude": "8.969883533875024",
    "country": "IT"
  },
  {
    "state": "Liguria",
    "town": "Genova",
    "postalcode": 16149,
    "county": "Ge",
    "name": "Ospedale Villa Scassi",
    "street": "Corso Scassi",
    "email": " 1",
    "domainIdentifier": "",
    "latitude": "44.4123686",
    "longitude": "8.897189",
    "country": "IT"
  },
  {
    "state": "Liguria",
    "town": "Imperia",
    "postalcode": 18100,
    "county": "Im",
    "name": "Ospedale Civile",
    "street": "Via Sant'Agata",
    "email": " 31",
    "domainIdentifier": "",
    "latitude": "43.8916706",
    "longitude": "8.0315195",
    "country": "IT"
  },
  {
    "state": "Liguria",
    "town": "La Spezia",
    "postalcode": 19125,
    "county": "Sp",
    "name": "Ambulatorio Stomie C/o Distretto Asl",
    "street": "Via Bragarina",
    "email": "",
    "domainIdentifier": "",
    "latitude": "44.1173915",
    "longitude": "9.847462",
    "country": "IT"
  },
  {
    "state": "Liguria",
    "town": "Sarzana",
    "postalcode": 19038,
    "county": "Sp",
    "name": "Ospedale San Bartolomeo",
    "street": "Via Cisa Sud Località S. Caterina",
    "email": "",
    "domainIdentifier": "",
    "latitude": "44.1118716",
    "longitude": "9.9587463",
    "country": "IT"
  },
  {
    "state": "Liguria",
    "town": "Pietra Ligure",
    "postalcode": 17027,
    "county": "Sv",
    "name": "Ospedale Santa Corona",
    "street": "Via XXV Aprile",
    "email": " 128",
    "domainIdentifier": "",
    "latitude": "44.1453416",
    "longitude": "8.2764193",
    "country": "IT"
  },
  {
    "state": "Liguria",
    "town": "Savona",
    "postalcode": 17100,
    "county": "Sv",
    "name": "Ospedale San Paolo",
    "street": "Via Genova",
    "email": " 30 Località Valloria",
    "domainIdentifier": "",
    "latitude": "44.318499",
    "longitude": "8.4869817",
    "country": "IT"
  },
  {
    "state": "Lombardia",
    "town": "Bergamo",
    "postalcode": 24100,
    "county": "Bg",
    "name": "Ospedale Papa Giovanni Xxiii",
    "street": "Piazza Oms",
    "email": "",
    "domainIdentifier": "",
    "latitude": "45.687040100000004",
    "longitude": "9.638849197159313",
    "country": "IT"
  },
  {
    "state": "Lombardia",
    "town": "Bergamo",
    "postalcode": 24125,
    "county": "Bg",
    "name": "Cliniche Gavazzeni",
    "street": "Via M. Gavazzeni",
    "email": " 21",
    "domainIdentifier": "",
    "latitude": "45.6944947",
    "longitude": "9.6698727",
    "country": "IT"
  },
  {
    "state": "Lombardia",
    "town": "Seriate",
    "postalcode": 24068,
    "county": "Bg",
    "name": "Ospedale Bolognini",
    "street": "Via Paderno",
    "email": " 21",
    "domainIdentifier": "",
    "latitude": "45.6720324",
    "longitude": "9.7238308",
    "country": "IT"
  },
  {
    "state": "Lombardia",
    "town": "Alzano Lombardo",
    "postalcode": 24022,
    "county": "Bg",
    "name": "Ospedale Pesenti Fenaroli",
    "street": "Via Mazzini",
    "email": " 88",
    "domainIdentifier": "",
    "latitude": "45.7336026",
    "longitude": "9.730494",
    "country": "IT"
  },
  {
    "state": "Lombardia",
    "town": "Treviglio",
    "postalcode": 24047,
    "county": "Bg",
    "name": "Ospedale Caravaggio",
    "street": "Piazzalle Ospedale",
    "email": " 1",
    "domainIdentifier": "",
    "latitude": "45.5217245",
    "longitude": "9.5931485",
    "country": "IT"
  },
  {
    "state": "Lombardia",
    "town": "Brescia",
    "postalcode": 25123,
    "county": "Bs",
    "name": "Ospedali Civili",
    "street": "Piazzale Spedali Civili",
    "email": " 1",
    "domainIdentifier": "",
    "latitude": "45.5550047",
    "longitude": "10.2329615",
    "country": "IT"
  },
  {
    "state": "Lombardia",
    "town": "Brescia",
    "postalcode": 25123,
    "county": "Bs",
    "name": "Poliambulanza",
    "street": "Via Bissolati",
    "email": "",
    "domainIdentifier": "",
    "latitude": "45.5398022",
    "longitude": "10.2200214",
    "country": "IT"
  },
  {
    "state": "Lombardia",
    "town": "Chiari",
    "postalcode": 25032,
    "county": "Bs",
    "name": "Ospedale Civile",
    "street": "Viale Mazzini",
    "email": "",
    "domainIdentifier": "",
    "latitude": "45.5387633",
    "longitude": "9.9317182",
    "country": "IT"
  },
  {
    "state": "Lombardia",
    "town": "Desenzano Del Garda",
    "postalcode": 25015,
    "county": "Bs",
    "name": "Azienda Ospedaliera Di Desenzano Del Garda",
    "street": "Via Monte Croce",
    "email": " 1",
    "domainIdentifier": "",
    "latitude": "45.4695411",
    "longitude": "10.5260713",
    "country": "IT"
  },
  {
    "state": "Lombardia",
    "town": "Manerbio",
    "postalcode": 25025,
    "county": "Bs",
    "name": "Ospedale Di Manerbio",
    "street": "Lungomella Valsecchi",
    "email": " 2",
    "domainIdentifier": "",
    "latitude": "45.355777",
    "longitude": "10.13517",
    "country": "IT"
  },
  {
    "state": "Lombardia",
    "town": "San Fermo Della Battaglia",
    "postalcode": 22100,
    "county": "Co",
    "name": "Ospedale Sant'anna",
    "street": "Via Ravona",
    "email": "",
    "domainIdentifier": "",
    "latitude": "45.8020103",
    "longitude": "9.0404433",
    "country": "IT"
  },
  {
    "state": "Lombardia",
    "town": "Como",
    "postalcode": 22100,
    "county": "Co",
    "name": "Osp. Valduce (privato)",
    "street": "Via Dante Alighieri",
    "email": " 11",
    "domainIdentifier": "",
    "latitude": "45.811802",
    "longitude": "9.0856821",
    "country": "IT"
  },
  {
    "state": "Lombardia",
    "town": "Casalmaggiore",
    "postalcode": 26041,
    "county": "Cr",
    "name": "Ospedale Di Oglio Po",
    "street": "Via Staffolo",
    "email": " 51",
    "domainIdentifier": "",
    "latitude": "44.974574",
    "longitude": "10.4596895",
    "country": "IT"
  },
  {
    "state": "Lombardia",
    "town": "Crema",
    "postalcode": 26013,
    "county": "Cr",
    "name": "Ospedale Maggiore",
    "street": "Via Macallè",
    "email": " 14",
    "domainIdentifier": "",
    "latitude": "45.3546084",
    "longitude": "9.6815899",
    "country": "IT"
  },
  {
    "state": "Lombardia",
    "town": "Cremona",
    "postalcode": 26100,
    "county": "Cr",
    "name": "Ospedale Civile Di Cremona",
    "street": "Viale Concordia",
    "email": " 1",
    "domainIdentifier": "",
    "latitude": "45.1289833",
    "longitude": "10.0513623",
    "country": "IT"
  },
  {
    "state": "Lombardia",
    "town": "Lodi",
    "postalcode": 26900,
    "county": "Lo",
    "name": "Azienda Ospedaliera Della Provincia Di Lodi",
    "street": "Viale Savoia",
    "email": " 4",
    "domainIdentifier": "",
    "latitude": "45.3152168",
    "longitude": "9.5106397",
    "country": "IT"
  },
  {
    "state": "Lombardia",
    "town": "Desio",
    "postalcode": 20033,
    "county": "Mb",
    "name": "Asst Vimercate Ospedale Di Circolo",
    "street": "Via Mazzini",
    "email": " 1",
    "domainIdentifier": "",
    "latitude": "45.6264331",
    "longitude": "9.1980925",
    "country": "IT"
  },
  {
    "state": "Lombardia",
    "town": "Monza",
    "postalcode": 20052,
    "county": "Mb",
    "name": "Ospedale San Gerardo Nuovo",
    "street": "Via Donizetti",
    "email": " 116",
    "domainIdentifier": "",
    "latitude": "45.6337015",
    "longitude": "9.2634641",
    "country": "IT"
  },
  {
    "state": "Lombardia",
    "town": "Cinisello Balsamo",
    "postalcode": 20092,
    "county": "Mi",
    "name": "Ospedale Bassini",
    "street": "Via Gorki",
    "email": " 50",
    "domainIdentifier": "",
    "latitude": "45.5511338",
    "longitude": "9.2173344",
    "country": "IT"
  },
  {
    "state": "Lombardia",
    "town": "Garbagnate",
    "postalcode": 20020,
    "county": "Mi",
    "name": "Ospedale Guido Salvini",
    "street": "Viale Forlanini",
    "email": " 121",
    "domainIdentifier": "",
    "latitude": "45.5800414",
    "longitude": "9.0622424",
    "country": "IT"
  },
  {
    "state": "Lombardia",
    "town": "Legnano",
    "postalcode": 20025,
    "county": "Mi",
    "name": "Ospedale Civile",
    "street": "Via Candiani",
    "email": " 2",
    "domainIdentifier": "",
    "latitude": "45.5946985",
    "longitude": "8.9183595",
    "country": "IT"
  },
  {
    "state": "Lombardia",
    "town": "Magenta",
    "postalcode": 20010,
    "county": "Mi",
    "name": "Ospedale Fornaroli Di Magenta",
    "street": "Via al Donatore di Sangue",
    "email": " 50",
    "domainIdentifier": "",
    "latitude": "45.4681326",
    "longitude": "8.892313",
    "country": "IT"
  },
  {
    "state": "Lombardia",
    "town": "Melegnano Vizzolo Predabissi",
    "postalcode": 20077,
    "county": "Mi",
    "name": "Presidio Ospedaliero",
    "street": "Strada Pandina",
    "email": " 1",
    "domainIdentifier": "",
    "latitude": "45.3597476",
    "longitude": "9.3389615",
    "country": "IT"
  },
  {
    "state": "Lombardia",
    "town": "Melzo",
    "postalcode": 20066,
    "county": "Mi",
    "name": "Ospedale Santa Maria Delle Stelle",
    "street": "Via Volontari del Sangue",
    "email": " 5",
    "domainIdentifier": "",
    "latitude": "45.5070405",
    "longitude": "9.4273256",
    "country": "IT"
  },
  {
    "state": "Lombardia",
    "town": "Milano",
    "postalcode": 20121,
    "county": "Mi",
    "name": "Ospedale Fatebenefratelli",
    "street": "Corso Porta Nuova",
    "email": " 23",
    "domainIdentifier": "",
    "latitude": "45.4731757",
    "longitude": "9.1912441",
    "country": "IT"
  },
  {
    "state": "Lombardia",
    "town": "Milano",
    "postalcode": 20122,
    "county": "Mi",
    "name": "Ospedale Maggiore Policlinico",
    "street": "Via Francesco Sforza",
    "email": " 35",
    "domainIdentifier": "",
    "latitude": "45.4608824",
    "longitude": "9.1965662",
    "country": "IT"
  },
  {
    "state": "Lombardia",
    "town": "Milano",
    "postalcode": 20123,
    "county": "Mi",
    "name": "Ospedale San Giuseppe",
    "street": "Via San Vittore",
    "email": " 12",
    "domainIdentifier": "",
    "latitude": "45.4633218",
    "longitude": "9.1704071",
    "country": "IT"
  },
  {
    "state": "Lombardia",
    "town": "Milano",
    "postalcode": 20142,
    "county": "Mi",
    "name": "Ospedale San Paolo",
    "street": "Via Rudinì",
    "email": " 8",
    "domainIdentifier": "",
    "latitude": "45.4335267",
    "longitude": "9.1554898",
    "country": "IT"
  },
  {
    "state": "Lombardia",
    "town": "Milano",
    "postalcode": 20141,
    "county": "Mi",
    "name": "Istituto Europeo Di Oncologia",
    "street": "Via Ripamonti",
    "email": " 435",
    "domainIdentifier": "",
    "latitude": "45.4356641",
    "longitude": "9.1953765",
    "country": "IT"
  },
  {
    "state": "Lombardia",
    "town": "Milano",
    "postalcode": 20132,
    "county": "Mi",
    "name": "Ospedale San Raffaele",
    "street": "Via Olgettina",
    "email": " 60",
    "domainIdentifier": "",
    "latitude": "45.5109811",
    "longitude": "9.2669908",
    "country": "IT"
  },
  {
    "state": "Lombardia",
    "town": "Milano",
    "postalcode": 20157,
    "county": "Mi",
    "name": "Ospedale Sacco",
    "street": "Via Giovanni Battista Grassi",
    "email": " 74",
    "domainIdentifier": "",
    "latitude": "45.5120875",
    "longitude": "9.1276458",
    "country": "IT"
  },
  {
    "state": "Lombardia",
    "town": "Milano",
    "postalcode": 20162,
    "county": "Mi",
    "name": "Ospedale Niguarda",
    "street": "Piazza Ospedale Maggiore",
    "email": " 3",
    "domainIdentifier": "",
    "latitude": "45.5091226",
    "longitude": "9.18909840223237",
    "country": "IT"
  },
  {
    "state": "Lombardia",
    "town": "Rho",
    "postalcode": 20017,
    "county": "Mi",
    "name": "Ospedale Di Circolo",
    "street": "Corso Europa",
    "email": " 250",
    "domainIdentifier": "",
    "latitude": "45.5299387",
    "longitude": "9.0457671",
    "country": "IT"
  },
  {
    "state": "Lombardia",
    "town": "Rozzano",
    "postalcode": 20089,
    "county": "Mi",
    "name": "Istituto Clinico Humanitas",
    "street": "Via Manzoni",
    "email": " 56",
    "domainIdentifier": "",
    "latitude": "45.3715872",
    "longitude": "9.1675917",
    "country": "IT"
  },
  {
    "state": "Lombardia",
    "town": "Mantova",
    "postalcode": 46100,
    "county": "Mn",
    "name": "Azienda Ospedaliera Carlo Poma",
    "street": "Via Albertoni. 1",
    "email": "",
    "domainIdentifier": "",
    "latitude": "45.1983592",
    "longitude": "10.5795359",
    "country": "IT"
  },
  {
    "state": "Lombardia",
    "town": "Pavia",
    "postalcode": 27100,
    "county": "Pv",
    "name": "Policlinico San Matteo",
    "street": "Viale Camillo Golgi",
    "email": " 19",
    "domainIdentifier": "",
    "latitude": "45.1957116",
    "longitude": "9.1484139",
    "country": "IT"
  },
  {
    "state": "Lombardia",
    "town": "Vigevano",
    "postalcode": 27029,
    "county": "Pv",
    "name": "Ospedale Civile",
    "street": "Corso Milano",
    "email": " 19",
    "domainIdentifier": "",
    "latitude": "45.3209565",
    "longitude": "8.8625367",
    "country": "IT"
  },
  {
    "state": "Lombardia",
    "town": "Voghera",
    "postalcode": 27058,
    "county": "Pv",
    "name": "Ospedale Civile",
    "street": "Via Volturno",
    "email": " 14",
    "domainIdentifier": "",
    "latitude": "44.992159",
    "longitude": "9.0136583",
    "country": "IT"
  },
  {
    "state": "Lombardia",
    "town": "Sondalo",
    "postalcode": 23039,
    "county": "So",
    "name": "Azienda Ospedaliera Eugenio Morelli",
    "street": "Via Zubiani",
    "email": " 33",
    "domainIdentifier": "",
    "latitude": "46.3314021",
    "longitude": "10.3269499",
    "country": "IT"
  },
  {
    "state": "Lombardia",
    "town": "Sondrio",
    "postalcode": 23100,
    "county": "So",
    "name": "Azienda Ospedaliera Della Valtellina E Della Valchiavenna",
    "street": "Via Nazario Sauro",
    "email": " 22",
    "domainIdentifier": "",
    "latitude": "46.1682204",
    "longitude": "9.8736128",
    "country": "IT"
  },
  {
    "state": "Lombardia",
    "town": "Busto Arsizio",
    "postalcode": 21052,
    "county": "Va",
    "name": "Ospedale Di Circolo",
    "street": "Via A. Da Brescia",
    "email": " 1",
    "domainIdentifier": "",
    "latitude": "45.6119057",
    "longitude": "8.8520522",
    "country": "IT"
  },
  {
    "state": "Lombardia",
    "town": "Gallarate",
    "postalcode": 21013,
    "county": "Va",
    "name": "Azienda Ospedaliera San Antonio Abate",
    "street": "Via Pastori",
    "email": " 4",
    "domainIdentifier": "",
    "latitude": "45.6598951",
    "longitude": "8.7932013",
    "country": "IT"
  },
  {
    "state": "Lombardia",
    "town": "Luino",
    "postalcode": 21016,
    "county": "Va",
    "name": "Ospedale Luini Confalonieri",
    "street": "Via Forlanini",
    "email": " 6",
    "domainIdentifier": "",
    "latitude": "45.9989084",
    "longitude": "8.739907",
    "country": "IT"
  },
  {
    "state": "Lombardia",
    "town": "Sesto Calende",
    "postalcode": 21018,
    "county": "Va",
    "name": "Ospedale Di Sesto Calende",
    "street": "Largo C. Dell'Acqua",
    "email": " 1",
    "domainIdentifier": "",
    "latitude": "45.7239553",
    "longitude": "8.6343618",
    "country": "IT"
  },
  {
    "state": "Lombardia",
    "town": "Tradate",
    "postalcode": 21049,
    "county": "Va",
    "name": "Ospeale Galmarini",
    "street": "Piazza Zanaboni",
    "email": "",
    "domainIdentifier": "",
    "latitude": "45.7142931",
    "longitude": "8.9041464",
    "country": "IT"
  },
  {
    "state": "Lombardia",
    "town": "Varese",
    "postalcode": 21100,
    "county": "Va",
    "name": "Ospedale Di Circolo",
    "street": "Viale L. Borri n.57",
    "email": "",
    "domainIdentifier": "",
    "latitude": "45.817549",
    "longitude": "8.8263532",
    "country": "IT"
  },
  {
    "state": "Marche",
    "town": "Ancona",
    "postalcode": 60121,
    "county": "An",
    "name": "Ospedali Riuniti Di Ancona",
    "street": "Via Conca",
    "email": "",
    "domainIdentifier": "",
    "latitude": "43.6097021",
    "longitude": "13.456616",
    "country": "IT"
  },
  {
    "state": "Marche",
    "town": "Jesi",
    "postalcode": 60035,
    "county": "An",
    "name": "Ospedale Carlo Urbani",
    "street": "Via Aldo Moro",
    "email": "",
    "domainIdentifier": "",
    "latitude": "43.5219801",
    "longitude": "13.2443764",
    "country": "IT"
  },
  {
    "state": "Marche",
    "town": "Senigallia",
    "postalcode": 60019,
    "county": "An",
    "name": "Ospedale Civile",
    "street": "Via Benvenuto Cellini",
    "email": " 1",
    "domainIdentifier": "",
    "latitude": "43.7142815",
    "longitude": "13.2111428",
    "country": "IT"
  },
  {
    "state": "Marche",
    "town": "Ascoli Piceno",
    "postalcode": 63100,
    "county": "Ap",
    "name": "Ospedale Mazzoni",
    "street": "Via degli Iris",
    "email": " 1",
    "domainIdentifier": "",
    "latitude": "42.8509389",
    "longitude": "13.6179553",
    "country": "IT"
  },
  {
    "state": "Marche",
    "town": "San Benedetto Del Tronto",
    "postalcode": 63039,
    "county": "Ap",
    "name": "Ospedale Madonna Del Soccorso",
    "street": "Via Luciano Manara",
    "email": " 7",
    "domainIdentifier": "",
    "latitude": "42.9490962",
    "longitude": "13.8728838",
    "country": "IT"
  },
  {
    "state": "Marche",
    "town": "Fermo",
    "postalcode": 63900,
    "county": "Fm",
    "name": "Ospedale Augusto Murri",
    "street": "Via Augusto Murri",
    "email": " 15",
    "domainIdentifier": "",
    "latitude": "43.1611625",
    "longitude": "13.7060742",
    "country": "IT"
  },
  {
    "state": "Marche",
    "town": "Civitanova Marche",
    "postalcode": 62012,
    "county": "Mc",
    "name": "Ospedale Di Civitanova Marche",
    "street": "Contrada San Domenico",
    "email": "",
    "domainIdentifier": "",
    "latitude": "43.3042647",
    "longitude": "13.6741804",
    "country": "IT"
  },
  {
    "state": "Molise",
    "town": "Macerata",
    "postalcode": 62100,
    "county": "Mc",
    "name": "Ospedale Generale Provinciale Di Macerata",
    "street": "Via Santa Lucia",
    "email": " 2",
    "domainIdentifier": "",
    "latitude": "43.2936893",
    "longitude": "13.4575652",
    "country": "IT"
  },
  {
    "state": "Molise",
    "town": "Matelica",
    "postalcode": 62024,
    "county": "Mc",
    "name": "Ospedale Enrico Mattei",
    "street": "Viale Europa",
    "email": " 16",
    "domainIdentifier": "",
    "latitude": "43.2482991",
    "longitude": "13.0078628",
    "country": "IT"
  },
  {
    "state": "Molise",
    "town": "Pesaro",
    "postalcode": 61121,
    "county": "Pu",
    "name": "Presidio Ospedaliero San Salvatore",
    "street": "Piazzale Carlo Cinelli",
    "email": " 4",
    "domainIdentifier": "",
    "latitude": "43.9084308",
    "longitude": "12.9057317",
    "country": "IT"
  },
  {
    "state": "Molise",
    "town": "Campobasso",
    "postalcode": 86100,
    "county": "Cb",
    "name": "Ospedale Univiversita' Cattolica Sacro Cuore",
    "street": "L.go A. Gemelli",
    "email": " 1 Contrada Tappino",
    "domainIdentifier": "",
    "latitude": "41.5597935",
    "longitude": "14.6602725",
    "country": "IT"
  },
  {
    "state": "Puglia",
    "town": "San Giovanni Rotondo",
    "postalcode": 71013,
    "county": "Fg",
    "name": "Ospedale Casa Sollievo Della Sofferenza",
    "street": "Piazza dei Martiri",
    "email": " 5",
    "domainIdentifier": "",
    "latitude": "41.7069151",
    "longitude": "15.727254771606534",
    "country": "IT"
  },
  {
    "state": "Piemonte",
    "town": "Acqui Terme",
    "postalcode": 15011,
    "county": "Al",
    "name": "Ospedale Monsignor Giovanni Galliano",
    "street": "Via Fatebenefratelli",
    "email": " 1",
    "domainIdentifier": "",
    "latitude": "44.6820462",
    "longitude": "8.4527746",
    "country": "IT"
  },
  {
    "state": "Piemonte",
    "town": "Alessandria",
    "postalcode": 15100,
    "county": "Al",
    "name": "Azienda Ospedaliera Nazionale Ss. Antonio E Biagio E Cesare Arrigo",
    "street": "Via Venezia",
    "email": " 16",
    "domainIdentifier": "",
    "latitude": "44.9153893",
    "longitude": "8.6203714",
    "country": "IT"
  },
  {
    "state": "Piemonte",
    "town": "Casale Monferrato",
    "postalcode": 15033,
    "county": "Al",
    "name": "Ospedale Santo Spirito",
    "street": "Viale Giovanni Giolitti",
    "email": 2,
    "domainIdentifier": "",
    "latitude": "45.1214935",
    "longitude": "8.4508027",
    "country": "IT"
  },
  {
    "state": "Piemonte",
    "town": "Castelnuovo Scrivia",
    "postalcode": 15053,
    "county": "Al",
    "name": "Distretto Asl",
    "street": "Piazza Vittorio Veneto",
    "email": " 15",
    "domainIdentifier": "",
    "latitude": "44.9829114",
    "longitude": "8.8819422",
    "country": "IT"
  },
  {
    "state": "Piemonte",
    "town": "Novi Ligure",
    "postalcode": 15067,
    "county": "Al",
    "name": "Ospedale San Giacomo",
    "street": "Via Edilio Raggio",
    "email": " 13",
    "domainIdentifier": "",
    "latitude": "44.7583828",
    "longitude": "8.7940404",
    "country": "IT"
  },
  {
    "state": "Piemonte",
    "town": "Tortona",
    "postalcode": 15057,
    "county": "Al",
    "name": "Ospedale Civile Ss Antonio E Margherita",
    "street": "Piazza Felice Cavallotti",
    "email": " 7",
    "domainIdentifier": "",
    "latitude": "44.8937542",
    "longitude": "8.8626024",
    "country": "IT"
  },
  {
    "state": "Piemonte",
    "town": "Asti",
    "postalcode": 14100,
    "county": "At",
    "name": "Ospedale Cardinal Massaia",
    "street": "Via Conte Verde",
    "email": " 125",
    "domainIdentifier": "",
    "latitude": "44.9040922",
    "longitude": "8.1990288",
    "country": "IT"
  },
  {
    "state": "Piemonte",
    "town": "Biella",
    "postalcode": 13900,
    "county": "Bi",
    "name": "Ospedale Nuovo Degli Infermi",
    "street": "Via Dei Ponderanesi",
    "email": " 2",
    "domainIdentifier": "",
    "latitude": "45.5448615",
    "longitude": "8.0601548",
    "country": "IT"
  },
  {
    "state": "Piemonte",
    "town": "Alba",
    "postalcode": 12050,
    "county": "Cn",
    "name": "Ospedale San Lazzaro",
    "street": "Via Pietrino Belli",
    "email": " 26",
    "domainIdentifier": "",
    "latitude": "44.6992665",
    "longitude": "8.0331254",
    "country": "IT"
  },
  {
    "state": "Piemonte",
    "town": "Cuneo",
    "postalcode": 12100,
    "county": "Cn",
    "name": "Distretto Asl Cn 1",
    "street": "Corso Francia",
    "email": " 10",
    "domainIdentifier": "",
    "latitude": "44.376874",
    "longitude": "7.5349315",
    "country": "IT"
  },
  {
    "state": "Piemonte",
    "town": "Cuneo",
    "postalcode": 12100,
    "county": "Cn",
    "name": "Ospedale Santa Croce E Carle",
    "street": "Via Michele Coppino",
    "email": " 26",
    "domainIdentifier": "",
    "latitude": "44.3838873",
    "longitude": "7.5378494",
    "country": "IT"
  },
  {
    "state": "Piemonte",
    "town": "Fossano",
    "postalcode": 12045,
    "county": "Cn",
    "name": "Ospedale Ss Trinita'",
    "street": "Via Ospedale Maggiore",
    "email": " 4",
    "domainIdentifier": "",
    "latitude": "44.5493489",
    "longitude": "7.7250155",
    "country": "IT"
  },
  {
    "state": "Piemonte",
    "town": "Mondovi'",
    "postalcode": 12084,
    "county": "Cn",
    "name": "Nuovo Ospedale Regina Montis Regalis Mondovi'",
    "street": "Via S. Rocchetto",
    "email": " 99",
    "domainIdentifier": "",
    "latitude": "44.3955849",
    "longitude": "7.8130924",
    "country": "IT"
  },
  {
    "state": "Piemonte",
    "town": "Saluzzo",
    "postalcode": 12037,
    "county": "Cn",
    "name": "Ospedale Civile Di Saluzzo",
    "street": "Via Spielberg",
    "email": " 58",
    "domainIdentifier": "",
    "latitude": "44.6418962",
    "longitude": "7.495877",
    "country": "IT"
  },
  {
    "state": "Piemonte",
    "town": "Savigliano",
    "postalcode": 12038,
    "county": "Cn",
    "name": "Ospedale Ss Annunziata",
    "street": "Via Ospedali",
    "email": " 14",
    "domainIdentifier": "",
    "latitude": "44.6435359",
    "longitude": "7.6605167",
    "country": "IT"
  },
  {
    "state": "Piemonte",
    "town": "Borgomanero",
    "postalcode": 28041,
    "county": "No",
    "name": "Ospedale Ss Trinità",
    "street": "Viale Zoppis",
    "email": " 10",
    "domainIdentifier": "",
    "latitude": "45.704613",
    "longitude": "8.4583215",
    "country": "IT"
  },
  {
    "state": "Piemonte",
    "town": "Novara",
    "postalcode": 28100,
    "county": "No",
    "name": "Ospedale Maggiore Della Carita'",
    "street": "Corso Giuseppe Mazzini",
    "email": " 18",
    "domainIdentifier": "",
    "latitude": "45.4448697",
    "longitude": "8.6221877",
    "country": "IT"
  },
  {
    "state": "Piemonte",
    "town": "Candiolo",
    "postalcode": 10060,
    "county": "To",
    "name": "Ircc Candiolo",
    "street": "Strada Provinciale",
    "email": "142 KM 3",
    "domainIdentifier": "95",
    "latitude": "44.959244",
    "longitude": "7.601722",
    "country": "IT"
  },
  {
    "state": "Piemonte",
    "town": "Carmagnola",
    "postalcode": 10024,
    "county": "To",
    "name": "Ospedale San Lorenzo",
    "street": "Via Ospedale",
    "email": " 13",
    "domainIdentifier": "",
    "latitude": "44.8464611",
    "longitude": "7.716431",
    "country": "IT"
  },
  {
    "state": "Piemonte",
    "town": "Chivasso",
    "postalcode": 10034,
    "county": "To",
    "name": "Ospedale Di Chivasso",
    "street": "Corso Galileo Ferraris",
    "email": " 3",
    "domainIdentifier": "",
    "latitude": "45.1933504",
    "longitude": "7.904797",
    "country": "IT"
  },
  {
    "state": "Piemonte",
    "town": "Cirie'",
    "postalcode": 10073,
    "county": "To",
    "name": "Ospedale Di Ciriè",
    "street": "Via Battitore",
    "email": " 7/9",
    "domainIdentifier": "",
    "latitude": "45.2310244",
    "longitude": "7.5922518",
    "country": "IT"
  },
  {
    "state": "Piemonte",
    "town": "Cuorgne'",
    "postalcode": 10082,
    "county": "To",
    "name": "Ospedale Civile",
    "street": "Piazza Mussatti",
    "email": " 5",
    "domainIdentifier": "",
    "latitude": "45.3873876",
    "longitude": "7.6497694",
    "country": "IT"
  },
  {
    "state": "Piemonte",
    "town": "Ivrea",
    "postalcode": 10015,
    "county": "To",
    "name": "Polambulatori Asl",
    "street": "Via Nathalia Ginsburg",
    "email": " 7",
    "domainIdentifier": "",
    "latitude": "45.4673791",
    "longitude": "7.874797",
    "country": "IT"
  },
  {
    "state": "Piemonte",
    "town": "Orbassano",
    "postalcode": 10043,
    "county": "To",
    "name": "Azienda Ospedaliera San Luigi",
    "street": "Regione Gonzole",
    "email": " 10",
    "domainIdentifier": "",
    "latitude": "45.02735",
    "longitude": "7.5597122",
    "country": "IT"
  },
  {
    "state": "Piemonte",
    "town": "Pinerolo",
    "postalcode": 10064,
    "county": "To",
    "name": "Ospedale Edoardo Agnelli",
    "street": "Via Brigata Cagliari",
    "email": " 39",
    "domainIdentifier": "",
    "latitude": "44.8818261",
    "longitude": "7.322951",
    "country": "IT"
  },
  {
    "state": "Piemonte",
    "town": "Rivoli",
    "postalcode": 10090,
    "county": "To",
    "name": "Ospedale Di Rivoli",
    "street": "Via Rivalta",
    "email": " 29",
    "domainIdentifier": "",
    "latitude": "45.06024825",
    "longitude": "7.518755585677209",
    "country": "IT"
  },
  {
    "state": "Piemonte",
    "town": "Torino",
    "postalcode": 10126,
    "county": "To",
    "name": "Azienda Ospedaliera Molinette",
    "street": "Corso Bramante",
    "email": " 88",
    "domainIdentifier": "",
    "latitude": "45.0423656",
    "longitude": "7.6725886",
    "country": "IT"
  },
  {
    "state": "Piemonte",
    "town": "Torino",
    "postalcode": 10128,
    "county": "To",
    "name": "Azienda Ospedaliera Ordine Mauriziano",
    "street": "Largo Filippo Turati",
    "email": " 62",
    "domainIdentifier": "",
    "latitude": "45.0499429",
    "longitude": "7.6661753",
    "country": "IT"
  },
  {
    "state": "Piemonte",
    "town": "Torino",
    "postalcode": 10154,
    "county": "To",
    "name": "Ospedale San Giovanni Bosco",
    "street": "Via Botticelli",
    "email": "",
    "domainIdentifier": "",
    "latitude": "45.1027058",
    "longitude": "7.7064986",
    "country": "IT"
  },
  {
    "state": "Piemonte",
    "town": "Torino",
    "postalcode": 10126,
    "county": "To",
    "name": "Ospedale C.t.o",
    "street": "Via Zuretti",
    "email": " 29",
    "domainIdentifier": "",
    "latitude": "45.0344195",
    "longitude": "7.6739353",
    "country": "IT"
  },
  {
    "state": "Piemonte",
    "town": "Torino",
    "postalcode": 10141,
    "county": "To",
    "name": "Ospedale Martini",
    "street": "Via Tofane",
    "email": " 71",
    "domainIdentifier": "",
    "latitude": "45.0658849",
    "longitude": "7.6341741",
    "country": "IT"
  },
  {
    "state": "Piemonte",
    "town": "Torino",
    "postalcode": 10131,
    "county": "To",
    "name": "Ospedale Gradenigo",
    "street": "Corso Regina Margherita",
    "email": " 10/A",
    "domainIdentifier": "",
    "latitude": "45.0688557",
    "longitude": "7.7070738",
    "country": "IT"
  },
  {
    "state": "Piemonte",
    "town": "Torino",
    "postalcode": 10144,
    "county": "To",
    "name": "Ospedale Maria Vittoria",
    "street": "Via Cibrario",
    "email": " 72",
    "domainIdentifier": "",
    "latitude": "45.0786805",
    "longitude": "7.6638147",
    "country": "IT"
  },
  {
    "state": "Piemonte",
    "town": "Domodossola",
    "postalcode": 28845,
    "county": "Vb",
    "name": "Ospedale San Biagio",
    "street": "Piazza Vittime Lager Nazifascisti",
    "email": " 1",
    "domainIdentifier": "",
    "latitude": "46.1152451",
    "longitude": "8.2920459",
    "country": "IT"
  },
  {
    "state": "Piemonte",
    "town": "Verbania",
    "postalcode": 28922,
    "county": "Vb",
    "name": "Ospedale Castelli",
    "street": "Via Crocetta",
    "email": "",
    "domainIdentifier": "",
    "latitude": "45.9276523",
    "longitude": "8.549937",
    "country": "IT"
  },
  {
    "state": "Piemonte",
    "town": "Borgosesia",
    "postalcode": 13011,
    "county": "Vc",
    "name": "Ospedale Ss Pietro E Paolo",
    "street": "Piazzale Lora",
    "email": " 1",
    "domainIdentifier": "",
    "latitude": "45.7166676",
    "longitude": "8.2768572",
    "country": "IT"
  },
  {
    "state": "Piemonte",
    "town": "Vercelli",
    "postalcode": 13100,
    "county": "Vc",
    "name": "Ospedale San Andrea",
    "street": "Corso Mario Abbiate",
    "email": " 21",
    "domainIdentifier": "",
    "latitude": "45.3185843",
    "longitude": "8.4148103",
    "country": "IT"
  },
  {
    "state": "Puglia",
    "town": "Bari",
    "postalcode": 70124,
    "county": "Ba",
    "name": "Azienda Ospedaliera Policlinico Consorziale",
    "street": "Piazza Giulio Cesare",
    "email": " 11",
    "domainIdentifier": "",
    "latitude": "41.1122564",
    "longitude": "16.862990943418502",
    "country": "IT"
  },
  {
    "state": "Puglia",
    "town": "Altamura",
    "postalcode": 70022,
    "county": "Ba",
    "name": "Ospedale Fabio Perinei Ospedale Della Murgia",
    "street": "SS 96 Altamura",
    "email": "",
    "domainIdentifier": "",
    "latitude": "40.8285595",
    "longitude": "16.5527314",
    "country": "IT"
  },
  {
    "state": "Puglia",
    "town": "Brindisi",
    "postalcode": 72100,
    "county": "Br",
    "name": "Aziensa Ospedaliera Di Summa-perrino",
    "street": "Piazza Di Summa",
    "email": " 111",
    "domainIdentifier": "",
    "latitude": "40.6364573",
    "longitude": "17.9325791",
    "country": "IT"
  },
  {
    "state": "Puglia",
    "town": "Brindisi",
    "postalcode": 72100,
    "county": "Br",
    "name": "Ospedale Perrino",
    "street": "SS 7 per Mesagne",
    "email": "",
    "domainIdentifier": "",
    "latitude": "40.6395295",
    "longitude": "17.945526",
    "country": "IT"
  },
  {
    "state": "Puglia",
    "town": "Francavilla Fontana",
    "postalcode": 72021,
    "county": "Br",
    "name": "Ospedale Camberlingo",
    "street": "Via Maria delle Grazie",
    "email": "",
    "domainIdentifier": "",
    "latitude": "40.5301622",
    "longitude": "17.5826774",
    "country": "IT"
  },
  {
    "state": "Puglia",
    "town": "Andria",
    "postalcode": 76123,
    "county": "Bt",
    "name": "Ospedale Bonomo",
    "street": "Via Istria",
    "email": "",
    "domainIdentifier": "",
    "latitude": "41.2713029",
    "longitude": "16.4231003",
    "country": "IT"
  },
  {
    "state": "Puglia",
    "town": "Copertino",
    "postalcode": 73043,
    "county": "Le",
    "name": "Ospedale San Giuseppe Da Copertino",
    "street": "Via Carmiano",
    "email": " 1",
    "domainIdentifier": "",
    "latitude": "40.2716808",
    "longitude": "18.0502517",
    "country": "IT"
  },
  {
    "state": "Puglia",
    "town": "Lecce",
    "postalcode": 73100,
    "county": "Le",
    "name": "Ospedale Vecchio Vito Fazzi",
    "street": "Piazza Bottazzi",
    "email": "1",
    "domainIdentifier": "",
    "latitude": "40.34510915",
    "longitude": "18.17696999727974",
    "country": "IT"
  },
  {
    "state": "Puglia",
    "town": "Scorrano",
    "postalcode": 73024,
    "county": "Le",
    "name": "Ospedale Ignazio Veris Delli Ponti",
    "street": "Via Maglie",
    "email": "",
    "domainIdentifier": "",
    "latitude": "40.091623",
    "longitude": "18.299629",
    "country": "IT"
  },
  {
    "state": "Puglia",
    "town": "Tricase",
    "postalcode": 73039,
    "county": "Le",
    "name": "Ospedale Panico",
    "street": "Via Pio X",
    "email": "",
    "domainIdentifier": "",
    "latitude": "39.9362657",
    "longitude": "18.3556151",
    "country": "IT"
  },
  {
    "state": "Puglia",
    "town": "San Giovanni Rotondo",
    "postalcode": 71013,
    "county": "Fg",
    "name": "Ospedale Casa Sollievo Della Sofferenza",
    "street": "Piazza dei Martiri",
    "email": " 5",
    "domainIdentifier": "",
    "latitude": "41.7069151",
    "longitude": "15.727254771606534",
    "country": "IT"
  },
  {
    "state": "Puglia",
    "town": "Manduria",
    "postalcode": 74024,
    "county": "Ta",
    "name": "Ospedale Giannuzzi",
    "street": "Via Mandonion",
    "email": " 1",
    "domainIdentifier": "",
    "latitude": "40.4031931",
    "longitude": "17.639525",
    "country": "IT"
  },
  {
    "state": "Puglia",
    "town": "Martina Franca",
    "postalcode": 74015,
    "county": "Ta",
    "name": "Ospedale Valle D'itria",
    "street": "Piazza San Francesco da Paola",
    "email": " 1",
    "domainIdentifier": "",
    "latitude": "40.7051791",
    "longitude": "17.3430903",
    "country": "IT"
  },
  {
    "state": "Puglia",
    "town": "Taranto",
    "postalcode": 74100,
    "county": "Ta",
    "name": "Presidio Ospedaliero Ss Annunziata",
    "street": "Via F. Bruno",
    "email": " 1",
    "domainIdentifier": "",
    "latitude": "40.4712427",
    "longitude": "17.2432278",
    "country": "IT"
  },
  {
    "state": "Sardegna",
    "town": "Cagliari",
    "postalcode": 9121,
    "county": "Ca",
    "name": "Ospedale Oncologico Armando Businco",
    "street": "Via Edward Jenner",
    "email": " 1",
    "domainIdentifier": "",
    "latitude": "39.2477036",
    "longitude": "9.1145869",
    "country": "IT"
  },
  {
    "state": "Sardegna",
    "town": "Cagliari",
    "postalcode": 9123,
    "county": "Ca",
    "name": "Ospedale Ss. Trinità",
    "street": "Via Is Mirrionis",
    "email": " 92",
    "domainIdentifier": "",
    "latitude": "39.2345849",
    "longitude": "9.1104474",
    "country": "IT"
  },
  {
    "state": "Sardegna",
    "town": "Monserrato",
    "postalcode": 9042,
    "county": "Ca",
    "name": "Policlinico Universitario Di Monserrato",
    "street": "SS 554 km 4",
    "email": "5 Sestu",
    "domainIdentifier": "",
    "latitude": "39.2539413",
    "longitude": "9.1432062",
    "country": "IT"
  },
  {
    "state": "Sardegna",
    "town": "Carbonia-iglesias",
    "postalcode": 7100,
    "county": "Ci",
    "name": "Ospedale Sirai",
    "street": "Via Ospedale",
    "email": "",
    "domainIdentifier": "",
    "latitude": "",
    "longitude": "",
    "country": "IT"
  },
  {
    "state": "Sardegna",
    "town": "Nuoro",
    "postalcode": 8100,
    "county": "Nu",
    "name": "Ospedale San Francesco",
    "street": "Via Mannironi",
    "email": " 1",
    "domainIdentifier": "",
    "latitude": "40.2839892",
    "longitude": "9.3975638",
    "country": "IT"
  },
  {
    "state": "Sardegna",
    "town": "Oristano",
    "postalcode": 9170,
    "county": "Or",
    "name": "Ospedale San Martino",
    "street": "Via Rockfeller",
    "email": "",
    "domainIdentifier": "",
    "latitude": "39.8789012",
    "longitude": "8.6089505",
    "country": "IT"
  },
  {
    "state": "Sardegna",
    "town": "Olbia",
    "postalcode": 7026,
    "county": "Ot",
    "name": "Ospedale Giovanni Paolo Ii",
    "street": "Via Bazzoni - Sircana",
    "email": "",
    "domainIdentifier": "",
    "latitude": "40.9141218",
    "longitude": "9.4767501",
    "country": "IT"
  },
  {
    "state": "Sardegna",
    "town": "Alghero",
    "postalcode": 7141,
    "county": "Ss",
    "name": "Ospedale Civile",
    "street": "Via Don Minzoni",
    "email": "",
    "domainIdentifier": "",
    "latitude": "40.5821219",
    "longitude": "8.3179568",
    "country": "IT"
  },
  {
    "state": "Sardegna",
    "town": "Sassari",
    "postalcode": 7100,
    "county": "Ss",
    "name": "Aziensa Ospedaliera Universitaria Di Sassari",
    "street": "Viale S. Pietro 43",
    "email": "",
    "domainIdentifier": "",
    "latitude": "40.7215015",
    "longitude": "8.5535382",
    "country": "IT"
  },
  {
    "state": "Sardegna",
    "town": "Sassari",
    "postalcode": 7100,
    "county": "Ss",
    "name": "Ospedale Ss Annunziata",
    "street": "Viale Italia",
    "email": "",
    "domainIdentifier": "",
    "latitude": "40.7185816",
    "longitude": "8.5559529",
    "country": "IT"
  },
  {
    "state": "Sicilia",
    "town": "Agrigento",
    "postalcode": 92100,
    "county": "Ag",
    "name": "Ospedale San Giovanni Di Dio",
    "street": "Contrada Consolida - San Michele",
    "email": "",
    "domainIdentifier": "",
    "latitude": "37.3122991",
    "longitude": "13.57465",
    "country": "IT"
  },
  {
    "state": "Sicilia",
    "town": "Biancavilla",
    "postalcode": 95033,
    "county": "Ct",
    "name": "Ospedale Maria Ss Annunziata",
    "street": "Via Cristoforo Colombo",
    "email": " 77",
    "domainIdentifier": "",
    "latitude": "37.6420136",
    "longitude": "14.8740699",
    "country": "IT"
  },
  {
    "state": "Sicilia",
    "town": "Catania",
    "postalcode": 95124,
    "county": "Ct",
    "name": "Azienda Ospedaliera Vittorio Emanuele",
    "street": "Via Plebiscito",
    "email": " 624",
    "domainIdentifier": "",
    "latitude": "37.5069697",
    "longitude": "15.0823448",
    "country": "IT"
  },
  {
    "state": "Sicilia",
    "town": "Catania",
    "postalcode": 95123,
    "county": "Ct",
    "name": "Policlinico Universitario Rodolico",
    "street": "Via Santa Sofia",
    "email": " 78",
    "domainIdentifier": "",
    "latitude": "37.5237139",
    "longitude": "15.0698989",
    "country": "IT"
  },
  {
    "state": "Sicilia",
    "town": "Catania",
    "postalcode": 95124,
    "county": "Ct",
    "name": "Ospedale Garibaldi Centro",
    "street": "Piazza Santa Maria di Gesù",
    "email": " 5",
    "domainIdentifier": "",
    "latitude": "37.51228965",
    "longitude": "15.078567278797935",
    "country": "IT"
  },
  {
    "state": "Sicilia",
    "town": "Catania",
    "postalcode": 95122,
    "county": "Ct",
    "name": "Osp Garibaldi Nesima",
    "street": "Via Palermo",
    "email": " 636",
    "domainIdentifier": "",
    "latitude": "37.7196529",
    "longitude": "15.1579192",
    "country": "IT"
  },
  {
    "state": "Sicilia",
    "town": "Catania",
    "postalcode": 95126,
    "county": "Ct",
    "name": "Ospedale Cannizzaro",
    "street": "Via Messina",
    "email": " 829",
    "domainIdentifier": "",
    "latitude": "37.6160132",
    "longitude": "14.8883503",
    "country": "IT"
  },
  {
    "state": "Sicilia",
    "town": "Enna",
    "postalcode": 94100,
    "county": "En",
    "name": "Ospedale Umberto I",
    "street": "Via Trieste",
    "email": "",
    "domainIdentifier": "",
    "latitude": "37.5664963",
    "longitude": "14.2739855",
    "country": "IT"
  },
  {
    "state": "Sicilia",
    "town": "Messina",
    "postalcode": 98125,
    "county": "Me",
    "name": "Policlinico Universitario Gazzi",
    "street": "Via Consolare Valeria",
    "email": "",
    "domainIdentifier": "",
    "latitude": "38.1619304",
    "longitude": "15.5375834",
    "country": "IT"
  },
  {
    "state": "Sicilia",
    "town": "Messina",
    "postalcode": 98158,
    "county": "Me",
    "name": "Ospedale Papardo",
    "street": "Contrada Papardo",
    "email": "",
    "domainIdentifier": "",
    "latitude": "38.1937571",
    "longitude": "15.5542082",
    "country": "IT"
  },
  {
    "state": "Sicilia",
    "town": "Messina",
    "postalcode": 98121,
    "county": "Me",
    "name": "Centro Distribuzione Di Messina (mandalari)",
    "street": "Viale Giostra 73",
    "email": "",
    "domainIdentifier": "",
    "latitude": "38.2163557",
    "longitude": "15.5349874",
    "country": "IT"
  },
  {
    "state": "Sicilia",
    "town": "Milazzo",
    "postalcode": 98057,
    "county": "Me",
    "name": "Presidio Ospedaliero Giuseppe Fogliani",
    "street": "Contrada Villaggio Grazia",
    "email": "",
    "domainIdentifier": "",
    "latitude": "38.22007755",
    "longitude": "15.2380053023035",
    "country": "IT"
  },
  {
    "state": "Sicilia",
    "town": "Cefalu'",
    "postalcode": 90015,
    "county": "Pa",
    "name": "Fondazione San Raffaele G.giglio",
    "street": "Contrda Pietra Pollastri",
    "email": "",
    "domainIdentifier": "",
    "latitude": "37.994333600000004",
    "longitude": "14.04143893057973",
    "country": "IT"
  },
  {
    "state": "Sicilia",
    "town": "Palermo",
    "postalcode": 90146,
    "county": "Pa",
    "name": "Ospedali Riuniti Villa Sofia-cervello (presidio Cervello)",
    "street": "Via Trabucco",
    "email": " 180",
    "domainIdentifier": "",
    "latitude": "38.1547942",
    "longitude": "13.3170544",
    "country": "IT"
  },
  {
    "state": "Sicilia",
    "town": "Palermo",
    "postalcode": 90127,
    "county": "Pa",
    "name": "Ospedale Civico ",
    "street": "---",
    "email": "",
    "domainIdentifier": "",
    "latitude": "38.1153312",
    "longitude": "13.3678144",
    "country": "IT"
  },
  {
    "state": "Sicilia",
    "town": "Palermo",
    "postalcode": " 4",
    "county": "Pa",
    "name": "Fatebenefratelli",
    "street": "Piazza Nicola Leotta",
    "email": "",
    "domainIdentifier": "",
    "latitude": "38.1112268",
    "longitude": "13.3524434",
    "country": "IT"
  },
  {
    "state": "Sicilia",
    "town": "Palermo",
    "postalcode": 90127,
    "county": "Pa",
    "name": "Ospedale Policlinico",
    "street": "Via Del Vespro",
    "email": " 129",
    "domainIdentifier": "",
    "latitude": "38.1041882",
    "longitude": "13.3627699",
    "country": "IT"
  },
  {
    "state": "Sicilia",
    "town": "Palermo",
    "postalcode": 90146,
    "county": "Pa",
    "name": "Ospedali Riuniti Villa Sofia-cervello (presidio Villa Sofia)",
    "street": "Piazza Salerno",
    "email": 1,
    "domainIdentifier": "",
    "latitude": "38.1112268",
    "longitude": "13.3524434",
    "country": "IT"
  },
  {
    "state": "Sicilia",
    "town": "Palermo",
    "postalcode": 90100,
    "county": "Pa",
    "name": "Ospedali Riuniti Villa Sofia-cervello (presidio Villa Sofia)",
    "street": "Piazza Salerno",
    "email": 1,
    "domainIdentifier": "",
    "latitude": "38.1112268",
    "longitude": "13.3524434",
    "country": "IT"
  },
  {
    "state": "Sicilia",
    "town": "Siracusa",
    "postalcode": 96100,
    "county": "Sr",
    "name": "Ospedale Umberto I",
    "street": "Via Testaferrata",
    "email": " 1",
    "domainIdentifier": "",
    "latitude": "37.0734278",
    "longitude": "15.2851625",
    "country": "IT"
  },
  {
    "state": "Sicilia",
    "town": "Castelvetrano",
    "postalcode": 91022,
    "county": "Tp",
    "name": "Ospedale Vittorie Emanuele",
    "street": "Via Marinella",
    "email": "",
    "domainIdentifier": "",
    "latitude": "37.6664459",
    "longitude": "12.8023328",
    "country": "IT"
  },
  {
    "state": "Toscana",
    "town": "Arezzo",
    "postalcode": 52100,
    "county": "Ar",
    "name": "Ospedale San Donato",
    "street": "Via Pietro Nenni",
    "email": "",
    "domainIdentifier": "",
    "latitude": "43.4619881",
    "longitude": "11.8639845",
    "country": "IT"
  },
  {
    "state": "Toscana",
    "town": "Campi Bisenzio",
    "postalcode": 50013,
    "county": "Fi",
    "name": "Distretto Di Campi Bisenzio",
    "street": "Via Rossini",
    "email": "",
    "domainIdentifier": "",
    "latitude": "43.8216342",
    "longitude": "11.1366776",
    "country": "IT"
  },
  {
    "state": "Toscana",
    "town": "Empoli",
    "postalcode": 50053,
    "county": "Fi",
    "name": "Ospedale San Giuseppe",
    "street": "Viale Giovanni Boccaccio",
    "email": " 20",
    "domainIdentifier": "",
    "latitude": "43.7206887",
    "longitude": "10.936679",
    "country": "IT"
  },
  {
    "state": "Toscana",
    "town": "Firenze",
    "postalcode": 50134,
    "county": "Fi",
    "name": "Azienda Ospedaliera Careggi",
    "street": "Largo Brambilla",
    "email": " 3",
    "domainIdentifier": "",
    "latitude": "43.8031274",
    "longitude": "11.2468719",
    "country": "IT"
  },
  {
    "state": "Toscana",
    "town": "Firenze",
    "postalcode": 50139,
    "county": "Fi",
    "name": "Ospedale Pediatrico Meyer",
    "street": "Viale Gaetano Pieraccini",
    "email": " 24",
    "domainIdentifier": "",
    "latitude": "43.8079496",
    "longitude": "11.2505399",
    "country": "IT"
  },
  {
    "state": "Toscana",
    "town": "Ponte A Niccheri Bagno A Ripoli",
    "postalcode": 50011,
    "county": "Fi",
    "name": "Ospedale Santa Maria Annunziata",
    "street": "Via Dell'Antella",
    "email": " 58",
    "domainIdentifier": "",
    "latitude": "43.7316125",
    "longitude": "11.310159",
    "country": "IT"
  },
  {
    "state": "Toscana",
    "town": "Scandicci",
    "postalcode": 50018,
    "county": "Fi",
    "name": "Distretto Scandicci",
    "street": "Via Antonio Vivaldi",
    "email": "",
    "domainIdentifier": "",
    "latitude": "43.7610141",
    "longitude": "11.1794673",
    "country": "IT"
  },
  {
    "state": "Toscana",
    "town": "Grosseto",
    "postalcode": 58100,
    "county": "Gr",
    "name": "Ospedale Della Misericordia",
    "street": "Via Senese",
    "email": " 161",
    "domainIdentifier": "",
    "latitude": "42.7661463",
    "longitude": "11.1175501",
    "country": "IT"
  },
  {
    "state": "Toscana",
    "town": "Cecina",
    "postalcode": 57023,
    "county": "Li",
    "name": "Ospedale Nuovo Di Cecina",
    "street": "Via Montanara",
    "email": "",
    "domainIdentifier": "",
    "latitude": "43.3136995",
    "longitude": "10.5213741",
    "country": "IT"
  },
  {
    "state": "Toscana",
    "town": "Livorno",
    "postalcode": 57124,
    "county": "Li",
    "name": "Presidio Ospedaliero Di Livorno",
    "street": "Viale Vittorio Alfieri",
    "email": " 18",
    "domainIdentifier": "",
    "latitude": "43.548716",
    "longitude": "10.3275808",
    "country": "IT"
  },
  {
    "state": "Toscana",
    "town": "Piombino",
    "postalcode": 57025,
    "county": "Li",
    "name": "Ospedale Villamarina Di Piombino",
    "street": "Via Forlanini",
    "email": " 24",
    "domainIdentifier": "",
    "latitude": "42.940514449999995",
    "longitude": "10.512504752315156",
    "country": "IT"
  },
  {
    "state": "Toscana",
    "town": "Castelnuovo Garfagna",
    "postalcode": 55032,
    "county": "Lu",
    "name": "Ospedale Di Castelnuovo Garfagna",
    "street": "Via dell'Ospedale",
    "email": " 3",
    "domainIdentifier": "",
    "latitude": "",
    "longitude": "",
    "country": "IT"
  },
  {
    "state": "Toscana",
    "town": "Lido Di Camaiore",
    "postalcode": 55043,
    "county": "Lu",
    "name": "Ospedale Della Versilia",
    "street": "Via Aurelia",
    "email": " 335",
    "domainIdentifier": "",
    "latitude": "43.8948357",
    "longitude": "10.2302866",
    "country": "IT"
  },
  {
    "state": "Toscana",
    "town": "Lucca",
    "postalcode": 55100,
    "county": "Lu",
    "name": "Via Ospedale",
    "street": "1 Località Campo di Marte",
    "email": " ",
    "domainIdentifier": "",
    "latitude": "43.8428381",
    "longitude": "10.502876",
    "country": "IT"
  },
  {
    "state": "Toscana",
    "town": "Carrara",
    "postalcode": 54033,
    "county": "Ms",
    "name": "Ospedale Civico Di Carrara",
    "street": "Piazza Sacco e Vanzetti",
    "email": "",
    "domainIdentifier": "",
    "latitude": "44.0800362",
    "longitude": "10.1031867",
    "country": "IT"
  },
  {
    "state": "Toscana",
    "town": "Pisa",
    "postalcode": 56127,
    "county": "Pi",
    "name": "Azienda Ospedaliera Pisana Policlinico Cisanello",
    "street": "Via Paradisa",
    "email": " 2",
    "domainIdentifier": "",
    "latitude": "43.7109299",
    "longitude": "10.4358391",
    "country": "IT"
  },
  {
    "state": "Toscana",
    "town": "Pontedera",
    "postalcode": 56025,
    "county": "Pi",
    "name": "Ospedale Lotti",
    "street": "Via Roma",
    "email": " 147",
    "domainIdentifier": "",
    "latitude": "43.660963",
    "longitude": "10.6338782",
    "country": "IT"
  },
  {
    "state": "Toscana",
    "town": "Prato",
    "postalcode": 59100,
    "county": "Po",
    "name": "Ospedale Nuovo Santo Stefano",
    "street": "Via Suor Niccolina Infermiera",
    "email": " 2",
    "domainIdentifier": "",
    "latitude": "43.880598",
    "longitude": "11.0969262",
    "country": "IT"
  },
  {
    "state": "Toscana",
    "town": "Pescia",
    "postalcode": 51017,
    "county": "Pt",
    "name": "Presidio Ospedaliero Di Pescia",
    "street": "Via Cesare Battisti",
    "email": " 2",
    "domainIdentifier": "",
    "latitude": "43.9022764",
    "longitude": "10.6908076",
    "country": "IT"
  },
  {
    "state": "Toscana",
    "town": "Pistoia",
    "postalcode": 51100,
    "county": "Pt",
    "name": "Ospedale San Iacopo",
    "street": "Via Pertini",
    "email": " 708",
    "domainIdentifier": "",
    "latitude": "43.9336213",
    "longitude": "10.9174238",
    "country": "IT"
  },
  {
    "state": "Toscana",
    "town": "Siena",
    "postalcode": 53100,
    "county": "Si",
    "name": "Azienda Ospedaliera Senese Le Scotte",
    "street": "Strada delle Scotte",
    "email": " 14",
    "domainIdentifier": "",
    "latitude": "43.3431575",
    "longitude": "11.3266478",
    "country": "IT"
  },
  {
    "state": "Trentino Alto Adige",
    "town": "Bolzano",
    "postalcode": 39100,
    "county": "Bz",
    "name": "Ospedale Centro Sud Bolzano",
    "street": "Via Lorenz Bohler",
    "email": " 5",
    "domainIdentifier": "",
    "latitude": "46.5003221",
    "longitude": "11.3114959",
    "country": "IT"
  },
  {
    "state": "Trentino Alto Adige",
    "town": "Bressanone",
    "postalcode": 39042,
    "county": "Bz",
    "name": "Ospedale Di Bressanone",
    "street": "Via Dante",
    "email": " 51",
    "domainIdentifier": "",
    "latitude": "46.7132955",
    "longitude": "11.6525666",
    "country": "IT"
  },
  {
    "state": "Trentino Alto Adige",
    "town": "Brunico",
    "postalcode": 39031,
    "county": "Bz",
    "name": "Ospedale Di Brunico",
    "street": "Via Dell'Ospedale",
    "email": " 11",
    "domainIdentifier": "",
    "latitude": "46.7963194",
    "longitude": "11.9355121",
    "country": "IT"
  },
  {
    "state": "Trentino Alto Adige",
    "town": "Merano",
    "postalcode": 39012,
    "county": "Bz",
    "name": "Ospedale Di Merano",
    "street": "Via Rossini",
    "email": " 5",
    "domainIdentifier": "",
    "latitude": "46.6695547",
    "longitude": "11.1594185",
    "country": "IT"
  },
  {
    "state": "Trentino Alto Adige",
    "town": "Trento",
    "postalcode": 38100,
    "county": "Tn",
    "name": "Ospedale Santa Chiara",
    "street": "Largo Medaglie D'oro",
    "email": " 9",
    "domainIdentifier": "",
    "latitude": "46.057797050000005",
    "longitude": "11.13275943562951",
    "country": "IT"
  },
  {
    "state": "Umbria",
    "town": "Bastia Umbra",
    "postalcode": 6081,
    "county": "Pg",
    "name": "Palazzo Della Salute",
    "street": "Via Giontella",
    "email": "",
    "domainIdentifier": "",
    "latitude": "43.0677554",
    "longitude": "12.5495816",
    "country": "IT"
  },
  {
    "state": "Umbria",
    "town": "Foligno",
    "postalcode": 6034,
    "county": "Pg",
    "name": "Nuovo Ospedalale San Giovanni Battista",
    "street": "Via Massimo Arcamone",
    "email": "",
    "domainIdentifier": "",
    "latitude": "42.9608309",
    "longitude": "12.6845659",
    "country": "IT"
  },
  {
    "state": "Umbria",
    "town": "Gubbio",
    "postalcode": 6024,
    "county": "Pg",
    "name": "Presidio Ospedaliero Di Gubbio E Gualdo Tadino",
    "street": "Largo Unità d'Italia",
    "email": " Località Branca",
    "domainIdentifier": "",
    "latitude": "43.2682564",
    "longitude": "12.688136024437373",
    "country": "IT"
  },
  {
    "state": "Umbria",
    "town": "Perugia",
    "postalcode": 6080,
    "county": "Pg",
    "name": "Ospedale Silvestrini",
    "street": "Località Sant'Andrea delle Fratte",
    "email": "",
    "domainIdentifier": "",
    "latitude": "43.0724206",
    "longitude": "12.3505467",
    "country": "IT"
  },
  {
    "state": "Umbria",
    "town": "Orvieto",
    "postalcode": 5018,
    "county": "Tr",
    "name": "Ospedale Santa Maria Della Stella",
    "street": "Località Ciconia",
    "email": "",
    "domainIdentifier": "",
    "latitude": "42.7195995",
    "longitude": "12.130122",
    "country": "IT"
  },
  {
    "state": "Valle D'aosta",
    "town": "Aosta",
    "postalcode": 11100,
    "county": "Ao",
    "name": "Ospedale Umbero Parini",
    "street": "Via Guido Rey",
    "email": " 1",
    "domainIdentifier": "",
    "latitude": "45.740116",
    "longitude": "7.3209315",
    "country": "IT"
  },
  {
    "state": "Veneto",
    "town": "Belluno",
    "postalcode": 32100,
    "county": "Bl",
    "name": "Ospedale Civile Di Belluno",
    "street": "Viale Europa",
    "email": " 22",
    "domainIdentifier": "",
    "latitude": "46.1436119",
    "longitude": "12.212202",
    "country": "IT"
  },
  {
    "state": "Veneto",
    "town": "Feltre",
    "postalcode": 32032,
    "county": "Bl",
    "name": "Ospedale Civile Di Feltre",
    "street": "Via Bagnols Sur Cèzè",
    "email": " 1",
    "domainIdentifier": "",
    "latitude": "46.0222204",
    "longitude": "11.9094294",
    "country": "IT"
  },
  {
    "state": "Veneto",
    "town": "Abano Terme",
    "postalcode": 35031,
    "county": "Pd",
    "name": "Ospedale Abano Terme",
    "street": "Piazza Cristoforo Colombo",
    "email": " 1",
    "domainIdentifier": "",
    "latitude": "45.3483731",
    "longitude": "11.7867533",
    "country": "IT"
  },
  {
    "state": "Veneto",
    "town": "Camposampiero",
    "postalcode": 35012,
    "county": "Pd",
    "name": "Ospedale Pietro Cosma",
    "street": "Via Pietro Cosma",
    "email": " 1",
    "domainIdentifier": "",
    "latitude": "45.5654601",
    "longitude": "11.9306396",
    "country": "IT"
  },
  {
    "state": "Veneto",
    "town": "Padova",
    "postalcode": 32128,
    "county": "Pd",
    "name": "Azienda Ospedaliera Di Padova",
    "street": "Via Giustiniani",
    "email": " 2",
    "domainIdentifier": "",
    "latitude": "45.5400126",
    "longitude": "11.8747128",
    "country": "IT"
  },
  {
    "state": "Veneto",
    "town": "Rovigo",
    "postalcode": 45100,
    "county": "Ro",
    "name": "Ospedale Santa Maria Della Misericordia",
    "street": "Viale Tre Martiri",
    "email": " 140",
    "domainIdentifier": "",
    "latitude": "45.0753758",
    "longitude": "11.8026006",
    "country": "IT"
  },
  {
    "state": "Veneto",
    "town": "Trecenta",
    "postalcode": 45027,
    "county": "Ro",
    "name": "Ospedale San Luca",
    "street": "Via Guerrina S.P. Km. 28",
    "email": "",
    "domainIdentifier": "",
    "latitude": "45.0309442",
    "longitude": "11.4605212",
    "country": "IT"
  },
  {
    "state": "Veneto",
    "town": "Castelfranco V.",
    "postalcode": 31033,
    "county": "Tv",
    "name": "Presidio Ospedaliero Di Castelfranco Veneto",
    "street": "Via Ospedale",
    "email": " 18",
    "domainIdentifier": "",
    "latitude": "45.6734522",
    "longitude": "11.9292809",
    "country": "IT"
  },
  {
    "state": "Veneto",
    "town": "Conegliano",
    "postalcode": 31015,
    "county": "Tv",
    "name": "Ospedale Civile Di Conegliano",
    "street": "Via Brigata Bisagno",
    "email": " 4",
    "domainIdentifier": "",
    "latitude": "45.8814176",
    "longitude": "12.2905223",
    "country": "IT"
  },
  {
    "state": "Veneto",
    "town": "Montebelluna",
    "postalcode": 31044,
    "county": "Tv",
    "name": "Presidio Ospedaliero Di Montebelluna",
    "street": "Via Montegrappa",
    "email": " 32",
    "domainIdentifier": "",
    "latitude": "45.7759956",
    "longitude": "12.0450646",
    "country": "IT"
  },
  {
    "state": "Veneto",
    "town": "Treviso",
    "postalcode": 31100,
    "county": "Tv",
    "name": "Presidio Ospedaliero Cà Foncello",
    "street": "Piazza Ospedale",
    "email": "",
    "domainIdentifier": "",
    "latitude": "45.6658505",
    "longitude": "12.2455414",
    "country": "IT"
  },
  {
    "state": "Veneto",
    "town": "Vittorio Veneto",
    "postalcode": 31029,
    "county": "Tv",
    "name": "Ospedale Civile Di Divittorio Veneto",
    "street": "Via Forlanini",
    "email": "71",
    "domainIdentifier": "",
    "latitude": "45.9896648",
    "longitude": "12.2964361",
    "country": "IT"
  },
  {
    "state": "Veneto",
    "town": "Chioggia",
    "postalcode": 30015,
    "county": "Ve",
    "name": "Presidio Ospedaliero Di Chioggia",
    "street": "Strada Madonna Marina",
    "email": " 500",
    "domainIdentifier": "",
    "latitude": "45.2077486",
    "longitude": "12.2895432",
    "country": "IT"
  },
  {
    "state": "Veneto",
    "town": "Dolo",
    "postalcode": 30031,
    "county": "Ve",
    "name": "Presidio Ospedaliero Di Dolo",
    "street": "Via Riviera XXIX Aprile",
    "email": " 2",
    "domainIdentifier": "",
    "latitude": "45.424996",
    "longitude": "12.076313",
    "country": "IT"
  },
  {
    "state": "Veneto",
    "town": "Mestre",
    "postalcode": 30121,
    "county": "Ve",
    "name": "Ospedale Dell'angelo",
    "street": "Via Paccagnella",
    "email": " 11",
    "domainIdentifier": "",
    "latitude": "45.509392",
    "longitude": "12.2290424",
    "country": "IT"
  },
  {
    "state": "Veneto",
    "town": "Noale",
    "postalcode": 30033,
    "county": "Ve",
    "name": "Presidio Ospedaliero Di Mirano",
    "street": "Largo San Giorgio",
    "email": " 3",
    "domainIdentifier": "",
    "latitude": "45.550156",
    "longitude": "12.0720437",
    "country": "IT"
  },
  {
    "state": "Veneto",
    "town": "Portogruaro",
    "postalcode": 30026,
    "county": "Ve",
    "name": "Presidio Ospedaliero Di Portogruaro",
    "street": "Via Piemonte",
    "email": " 1",
    "domainIdentifier": "",
    "latitude": "45.7715602",
    "longitude": "12.8421568",
    "country": "IT"
  },
  {
    "state": "Veneto",
    "town": "Venezia",
    "postalcode": 30122,
    "county": "Ve",
    "name": "Ospedale Civile Di Venezia",
    "street": "Castello 6777",
    "email": "",
    "domainIdentifier": "",
    "latitude": "45.4403034",
    "longitude": "12.3417059",
    "country": "IT"
  },
  {
    "state": "Veneto",
    "town": "Bassano Del Grappa",
    "postalcode": 36061,
    "county": "Vi",
    "name": "Presidio Ospedaliero Di Bassano Del Grappa",
    "street": "Viale delle Fosse",
    "email": "",
    "domainIdentifier": "",
    "latitude": "45.7695008",
    "longitude": "11.7382573",
    "country": "IT"
  },
  {
    "state": "Veneto",
    "town": "Vicenza",
    "postalcode": 36100,
    "county": "Vi",
    "name": "Ospedale San Bortolo",
    "street": "Via Ferdinando Rodolfi",
    "email": " 37",
    "domainIdentifier": "",
    "latitude": "45.6017589",
    "longitude": "11.4970358",
    "country": "IT"
  },
  {
    "state": "Veneto",
    "town": "Negrar",
    "postalcode": 37024,
    "county": "Vr",
    "name": "Ospedale Sacro Cuore",
    "street": "Via Don A. Sempreboni",
    "email": " 5",
    "domainIdentifier": "",
    "latitude": "45.5296706",
    "longitude": "10.9400217",
    "country": "IT"
  },
  {
    "state": "Veneto",
    "town": "Verona",
    "postalcode": 37126,
    "county": "Vr",
    "name": "Ospedale Borgo Trento",
    "street": "Piazzale Stefani",
    "email": " 1",
    "domainIdentifier": "",
    "latitude": "45.4513331",
    "longitude": "10.9859093",
    "country": "IT"
  },
  {
    "state": "Veneto",
    "town": "Verona",
    "postalcode": 37134,
    "county": "Vr",
    "name": "Policlinico Borgo Roma",
    "street": "Via delle Menegone",
    "email": " 10",
    "domainIdentifier": "",
    "latitude": "45.4058921",
    "longitude": "10.9954432",
    "country": "IT"
  }
]
